,county,location,count_text,incarcerated_persons
0,ADAMS,ALBION,Showing search results: 11 records,11
1,ADAMS,BENNER TOWNSHIP,Showing search results: 16 records,16
2,ADAMS,CAMBRIDGE SPRINGS,Showing search results: 7 records,7
3,ADAMS,CAMP HILL,Showing search results: 36 records,36
4,ADAMS,CHESTER,Showing search results: 15 records,15
5,ADAMS,COAL TOWNSHIP,Showing search results: 16 records,16
6,ADAMS,DALLAS,Showing search results: 4 records,4
7,ADAMS,FAYETTE,Showing search results: 11 records,11
8,ADAMS,FOREST,Showing search results: 9 records,9
9,ADAMS,FRACKVILLE,Showing search results: 7 records,7
10,ADAMS,GREENE,Showing search results: 5 records,5
11,ADAMS,HOUTZDALE,Showing search results: 17 records,17
12,ADAMS,HUNTINGDON,Showing search results: 22 records,22
13,ADAMS,LAUREL HIGHLANDS,Showing search results: 7 records,7
14,ADAMS,MAHANOY,Showing search results: 16 records,16
15,ADAMS,MERCER,Showing search results: 5 records,5
16,ADAMS,MUNCY,Showing search results: 10 records,10
17,ADAMS,PHOENIX,Showing search results: 19 records,19
18,ADAMS,PINE GROVE,Showing search results: 8 records,8
19,ADAMS,QUEHANNA BOOT CAMP,Showing search results: 2 records,2
20,ADAMS,ROCKVIEW,Showing search results: 8 records,8
21,ADAMS,SMITHFIELD,Showing search results: 7 records,7
22,ADAMS,SOMERSET,Showing search results: 21 records,21
23,ADAMS,WAYMART,Showing search results: 3 records,3
24,ALLEGHENY,ALBION,Showing search results: 330 records,330
25,ALLEGHENY,BENNER TOWNSHIP,Showing search results: 84 records,84
26,ALLEGHENY,CAMBRIDGE SPRINGS,Showing search results: 53 records,53
27,ALLEGHENY,CAMP HILL,Showing search results: 81 records,81
28,ALLEGHENY,CHESTER,Showing search results: 23 records,23
29,ALLEGHENY,COAL TOWNSHIP,Showing search results: 45 records,45
30,ALLEGHENY,DALLAS,Showing search results: 34 records,34
31,ALLEGHENY,FAYETTE,Showing search results: 386 records,386
32,ALLEGHENY,FOREST,Showing search results: 178 records,178
33,ALLEGHENY,FRACKVILLE,Showing search results: 25 records,25
34,ALLEGHENY,GREENE,Showing search results: 305 records,305
35,ALLEGHENY,HOUTZDALE,Showing search results: 129 records,129
36,ALLEGHENY,HUNTINGDON,Showing search results: 95 records,95
37,ALLEGHENY,LAUREL HIGHLANDS,Showing search results: 42 records,42
38,ALLEGHENY,MAHANOY,Showing search results: 45 records,45
39,ALLEGHENY,MERCER,Showing search results: 160 records,160
40,ALLEGHENY,MUNCY,Showing search results: 33 records,33
41,ALLEGHENY,PHOENIX,Showing search results: 71 records,71
42,ALLEGHENY,PINE GROVE,Showing search results: 131 records,131
43,ALLEGHENY,QUEHANNA BOOT CAMP,Showing search results: 14 records,14
44,ALLEGHENY,ROCKVIEW,Showing search results: 55 records,55
45,ALLEGHENY,SMITHFIELD,Showing search results: 50 records,50
46,ALLEGHENY,SOMERSET,Showing search results: 230 records,230
47,ALLEGHENY,WAYMART,Showing search results: 38 records,38
48,ARMSTRONG,ALBION,Showing search results: 17 records,17
49,ARMSTRONG,BENNER TOWNSHIP,Showing search results: 2 records,2
50,ARMSTRONG,CAMBRIDGE SPRINGS,Showing search results: 5 records,5
51,ARMSTRONG,CAMP HILL,Showing search results: 4 records,4
52,ARMSTRONG,CHESTER,Showing search results: 4 records,4
53,ARMSTRONG,COAL TOWNSHIP,Showing search results: 1 records,1
54,ARMSTRONG,DALLAS,Showing search results: no results found,0
55,ARMSTRONG,FAYETTE,Showing search results: 9 records,9
56,ARMSTRONG,FOREST,Showing search results: 10 records,10
57,ARMSTRONG,FRACKVILLE,Showing search results: 1 records,1
58,ARMSTRONG,GREENE,Showing search results: 10 records,10
59,ARMSTRONG,HOUTZDALE,Showing search results: 6 records,6
60,ARMSTRONG,HUNTINGDON,Showing search results: 3 records,3
61,ARMSTRONG,LAUREL HIGHLANDS,Showing search results: 2 records,2
62,ARMSTRONG,MAHANOY,Showing search results: 1 records,1
63,ARMSTRONG,MERCER,Showing search results: 16 records,16
64,ARMSTRONG,MUNCY,Showing search results: 6 records,6
65,ARMSTRONG,PHOENIX,Showing search results: 1 records,1
66,ARMSTRONG,PINE GROVE,Showing search results: 6 records,6
67,ARMSTRONG,QUEHANNA BOOT CAMP,Showing search results: 3 records,3
68,ARMSTRONG,ROCKVIEW,Showing search results: 1 records,1
69,ARMSTRONG,SMITHFIELD,Showing search results: no results found,0
70,ARMSTRONG,SOMERSET,Showing search results: 5 records,5
71,ARMSTRONG,WAYMART,Showing search results: 1 records,1
72,BEAVER,ALBION,Showing search results: 41 records,41
73,BEAVER,BENNER TOWNSHIP,Showing search results: 6 records,6
74,BEAVER,CAMBRIDGE SPRINGS,Showing search results: 6 records,6
75,BEAVER,CAMP HILL,Showing search results: 15 records,15
76,BEAVER,CHESTER,Showing search results: 3 records,3
77,BEAVER,COAL TOWNSHIP,Showing search results: 5 records,5
78,BEAVER,DALLAS,Showing search results: 4 records,4
79,BEAVER,FAYETTE,Showing search results: 26 records,26
80,BEAVER,FOREST,Showing search results: 24 records,24
81,BEAVER,FRACKVILLE,Showing search results: 1 records,1
82,BEAVER,GREENE,Showing search results: 29 records,29
83,BEAVER,HOUTZDALE,Showing search results: 14 records,14
84,BEAVER,HUNTINGDON,Showing search results: 8 records,8
85,BEAVER,LAUREL HIGHLANDS,Showing search results: 6 records,6
86,BEAVER,MAHANOY,Showing search results: 1 records,1
87,BEAVER,MERCER,Showing search results: 28 records,28
88,BEAVER,MUNCY,Showing search results: 5 records,5
89,BEAVER,PHOENIX,Showing search results: 4 records,4
90,BEAVER,PINE GROVE,Showing search results: 15 records,15
91,BEAVER,QUEHANNA BOOT CAMP,Showing search results: 2 records,2
92,BEAVER,ROCKVIEW,Showing search results: 4 records,4
93,BEAVER,SMITHFIELD,Showing search results: 3 records,3
94,BEAVER,SOMERSET,Showing search results: 21 records,21
95,BEAVER,WAYMART,Showing search results: no results found,0
96,BEDFORD,ALBION,Showing search results: 5 records,5
97,BEDFORD,BENNER TOWNSHIP,Showing search results: 6 records,6
98,BEDFORD,CAMBRIDGE SPRINGS,Showing search results: 7 records,7
99,BEDFORD,CAMP HILL,Showing search results: 12 records,12
100,BEDFORD,CHESTER,Showing search results: 3 records,3
101,BEDFORD,COAL TOWNSHIP,Showing search results: 16 records,16
102,BEDFORD,DALLAS,Showing search results: 1 records,1
103,BEDFORD,FAYETTE,Showing search results: 9 records,9
104,BEDFORD,FOREST,Showing search results: 5 records,5
105,BEDFORD,FRACKVILLE,Showing search results: 1 records,1
106,BEDFORD,GREENE,Showing search results: 8 records,8
107,BEDFORD,HOUTZDALE,Showing search results: 10 records,10
108,BEDFORD,HUNTINGDON,Showing search results: 8 records,8
109,BEDFORD,LAUREL HIGHLANDS,Showing search results: 5 records,5
110,BEDFORD,MAHANOY,Showing search results: 3 records,3
111,BEDFORD,MERCER,Showing search results: 4 records,4
112,BEDFORD,MUNCY,Showing search results: 7 records,7
113,BEDFORD,PHOENIX,Showing search results: 3 records,3
114,BEDFORD,PINE GROVE,Showing search results: 2 records,2
115,BEDFORD,QUEHANNA BOOT CAMP,Showing search results: no results found,0
116,BEDFORD,ROCKVIEW,Showing search results: 2 records,2
117,BEDFORD,SMITHFIELD,Showing search results: 8 records,8
118,BEDFORD,SOMERSET,Showing search results: 31 records,31
119,BEDFORD,WAYMART,Showing search results: 2 records,2
120,BERKS,ALBION,Showing search results: 27 records,27
121,BERKS,BENNER TOWNSHIP,Showing search results: 69 records,69
122,BERKS,CAMBRIDGE SPRINGS,Showing search results: 20 records,20
123,BERKS,CAMP HILL,Showing search results: 90 records,90
124,BERKS,CHESTER,Showing search results: 33 records,33
125,BERKS,COAL TOWNSHIP,Showing search results: 110 records,110
126,BERKS,DALLAS,Showing search results: 50 records,50
127,BERKS,FAYETTE,Showing search results: 41 records,41
128,BERKS,FOREST,Showing search results: 56 records,56
129,BERKS,FRACKVILLE,Showing search results: 94 records,94
130,BERKS,GREENE,Showing search results: 35 records,35
131,BERKS,HOUTZDALE,Showing search results: 73 records,73
132,BERKS,HUNTINGDON,Showing search results: 48 records,48
133,BERKS,LAUREL HIGHLANDS,Showing search results: 25 records,25
134,BERKS,MAHANOY,Showing search results: 148 records,148
135,BERKS,MERCER,Showing search results: 14 records,14
136,BERKS,MUNCY,Showing search results: 26 records,26
137,BERKS,PHOENIX,Showing search results: 117 records,117
138,BERKS,PINE GROVE,Showing search results: 31 records,31
139,BERKS,QUEHANNA BOOT CAMP,Showing search results: 10 records,10
140,BERKS,ROCKVIEW,Showing search results: 37 records,37
141,BERKS,SMITHFIELD,Showing search results: 53 records,53
142,BERKS,SOMERSET,Showing search results: 55 records,55
143,BERKS,WAYMART,Showing search results: 26 records,26
144,BLAIR,ALBION,Showing search results: 23 records,23
145,BLAIR,BENNER TOWNSHIP,Showing search results: 32 records,32
146,BLAIR,CAMBRIDGE SPRINGS,Showing search results: 20 records,20
147,BLAIR,CAMP HILL,Showing search results: 38 records,38
148,BLAIR,CHESTER,Showing search results: 6 records,6
149,BLAIR,COAL TOWNSHIP,Showing search results: 14 records,14
150,BLAIR,DALLAS,Showing search results: 10 records,10
151,BLAIR,FAYETTE,Showing search results: 19 records,19
152,BLAIR,FOREST,Showing search results: 23 records,23
153,BLAIR,FRACKVILLE,Showing search results: 4 records,4
154,BLAIR,GREENE,Showing search results: 18 records,18
155,BLAIR,HOUTZDALE,Showing search results: 56 records,56
156,BLAIR,HUNTINGDON,Showing search results: 44 records,44
157,BLAIR,LAUREL HIGHLANDS,Showing search results: 10 records,10
158,BLAIR,MAHANOY,Showing search results: 10 records,10
159,BLAIR,MERCER,Showing search results: 17 records,17
160,BLAIR,MUNCY,Showing search results: 26 records,26
161,BLAIR,PHOENIX,Showing search results: 11 records,11
162,BLAIR,PINE GROVE,Showing search results: 27 records,27
163,BLAIR,QUEHANNA BOOT CAMP,Showing search results: 8 records,8
164,BLAIR,ROCKVIEW,Showing search results: 19 records,19
165,BLAIR,SMITHFIELD,Showing search results: 22 records,22
166,BLAIR,SOMERSET,Showing search results: 31 records,31
167,BLAIR,WAYMART,Showing search results: 3 records,3
168,BRADFORD,ALBION,Showing search results: 7 records,7
169,BRADFORD,BENNER TOWNSHIP,Showing search results: 19 records,19
170,BRADFORD,CAMBRIDGE SPRINGS,Showing search results: 3 records,3
171,BRADFORD,CAMP HILL,Showing search results: 13 records,13
172,BRADFORD,CHESTER,Showing search results: 4 records,4
173,BRADFORD,COAL TOWNSHIP,Showing search results: 13 records,13
174,BRADFORD,DALLAS,Showing search results: 20 records,20
175,BRADFORD,FAYETTE,Showing search results: 5 records,5
176,BRADFORD,FOREST,Showing search results: 15 records,15
177,BRADFORD,FRACKVILLE,Showing search results: 4 records,4
178,BRADFORD,GREENE,Showing search results: 8 records,8
179,BRADFORD,HOUTZDALE,Showing search results: 11 records,11
180,BRADFORD,HUNTINGDON,Showing search results: 8 records,8
181,BRADFORD,LAUREL HIGHLANDS,Showing search results: 8 records,8
182,BRADFORD,MAHANOY,Showing search results: 6 records,6
183,BRADFORD,MERCER,Showing search results: 10 records,10
184,BRADFORD,MUNCY,Showing search results: 13 records,13
185,BRADFORD,PHOENIX,Showing search results: 8 records,8
186,BRADFORD,PINE GROVE,Showing search results: 2 records,2
187,BRADFORD,QUEHANNA BOOT CAMP,Showing search results: 3 records,3
188,BRADFORD,ROCKVIEW,Showing search results: 20 records,20
189,BRADFORD,SMITHFIELD,Showing search results: 8 records,8
190,BRADFORD,SOMERSET,Showing search results: 10 records,10
191,BRADFORD,WAYMART,Showing search results: 11 records,11
192,BUCKS,ALBION,Showing search results: 31 records,31
193,BUCKS,BENNER TOWNSHIP,Showing search results: 48 records,48
194,BUCKS,CAMBRIDGE SPRINGS,Showing search results: 17 records,17
195,BUCKS,CAMP HILL,Showing search results: 60 records,60
196,BUCKS,CHESTER,Showing search results: 35 records,35
197,BUCKS,COAL TOWNSHIP,Showing search results: 57 records,57
198,BUCKS,DALLAS,Showing search results: 51 records,51
199,BUCKS,FAYETTE,Showing search results: 25 records,25
200,BUCKS,FOREST,Showing search results: 42 records,42
201,BUCKS,FRACKVILLE,Showing search results: 27 records,27
202,BUCKS,GREENE,Showing search results: 32 records,32
203,BUCKS,HOUTZDALE,Showing search results: 56 records,56
204,BUCKS,HUNTINGDON,Showing search results: 30 records,30
205,BUCKS,LAUREL HIGHLANDS,Showing search results: 28 records,28
206,BUCKS,MAHANOY,Showing search results: 59 records,59
207,BUCKS,MERCER,Showing search results: 18 records,18
208,BUCKS,MUNCY,Showing search results: 50 records,50
209,BUCKS,PHOENIX,Showing search results: 141 records,141
210,BUCKS,PINE GROVE,Showing search results: 21 records,21
211,BUCKS,QUEHANNA BOOT CAMP,Showing search results: 10 records,10
212,BUCKS,ROCKVIEW,Showing search results: 29 records,29
213,BUCKS,SMITHFIELD,Showing search results: 14 records,14
214,BUCKS,SOMERSET,Showing search results: 49 records,49
215,BUCKS,WAYMART,Showing search results: 38 records,38
216,BUTLER,ALBION,Showing search results: 25 records,25
217,BUTLER,BENNER TOWNSHIP,Showing search results: 3 records,3
218,BUTLER,CAMBRIDGE SPRINGS,Showing search results: 7 records,7
219,BUTLER,CAMP HILL,Showing search results: no results found,0
220,BUTLER,CHESTER,Showing search results: 2 records,2
221,BUTLER,COAL TOWNSHIP,Showing search results: 3 records,3
222,BUTLER,DALLAS,Showing search results: 1 records,1
223,BUTLER,FAYETTE,Showing search results: 20 records,20
224,BUTLER,FOREST,Showing search results: 19 records,19
225,BUTLER,FRACKVILLE,Showing search results: no results found,0
226,BUTLER,GREENE,Showing search results: 26 records,26
227,BUTLER,HOUTZDALE,Showing search results: 12 records,12
228,BUTLER,HUNTINGDON,Showing search results: 5 records,5
229,BUTLER,LAUREL HIGHLANDS,Showing search results: 9 records,9
230,BUTLER,MAHANOY,Showing search results: no results found,0
231,BUTLER,MERCER,Showing search results: 29 records,29
232,BUTLER,MUNCY,Showing search results: 5 records,5
233,BUTLER,PHOENIX,Showing search results: 2 records,2
234,BUTLER,PINE GROVE,Showing search results: 5 records,5
235,BUTLER,QUEHANNA BOOT CAMP,Showing search results: 3 records,3
236,BUTLER,ROCKVIEW,Showing search results: 3 records,3
237,BUTLER,SMITHFIELD,Showing search results: 11 records,11
238,BUTLER,SOMERSET,Showing search results: 14 records,14
239,BUTLER,WAYMART,Showing search results: no results found,0
240,CAMBRIA,ALBION,Showing search results: 21 records,21
241,CAMBRIA,BENNER TOWNSHIP,Showing search results: 13 records,13
242,CAMBRIA,CAMBRIDGE SPRINGS,Showing search results: 13 records,13
243,CAMBRIA,CAMP HILL,Showing search results: 8 records,8
244,CAMBRIA,CHESTER,Showing search results: 6 records,6
245,CAMBRIA,COAL TOWNSHIP,Showing search results: 8 records,8
246,CAMBRIA,DALLAS,Showing search results: 5 records,5
247,CAMBRIA,FAYETTE,Showing search results: 16 records,16
248,CAMBRIA,FOREST,Showing search results: 14 records,14
249,CAMBRIA,FRACKVILLE,Showing search results: 3 records,3
250,CAMBRIA,GREENE,Showing search results: 25 records,25
251,CAMBRIA,HOUTZDALE,Showing search results: 36 records,36
252,CAMBRIA,HUNTINGDON,Showing search results: 11 records,11
253,CAMBRIA,LAUREL HIGHLANDS,Showing search results: 10 records,10
254,CAMBRIA,MAHANOY,Showing search results: 5 records,5
255,CAMBRIA,MERCER,Showing search results: 8 records,8
256,CAMBRIA,MUNCY,Showing search results: 8 records,8
257,CAMBRIA,PHOENIX,Showing search results: 10 records,10
258,CAMBRIA,PINE GROVE,Showing search results: 18 records,18
259,CAMBRIA,QUEHANNA BOOT CAMP,Showing search results: 6 records,6
260,CAMBRIA,ROCKVIEW,Showing search results: 11 records,11
261,CAMBRIA,SMITHFIELD,Showing search results: 8 records,8
262,CAMBRIA,SOMERSET,Showing search results: 53 records,53
263,CAMBRIA,WAYMART,Showing search results: 5 records,5
264,CAMERON,ALBION,Showing search results: 2 records,2
265,CAMERON,BENNER TOWNSHIP,Showing search results: 1 records,1
266,CAMERON,CAMBRIDGE SPRINGS,Showing search results: 2 records,2
267,CAMERON,CAMP HILL,Showing search results: no results found,0
268,CAMERON,CHESTER,Showing search results: no results found,0
269,CAMERON,COAL TOWNSHIP,Showing search results: 1 records,1
270,CAMERON,DALLAS,Showing search results: no results found,0
271,CAMERON,FAYETTE,Showing search results: no results found,0
272,CAMERON,FOREST,Showing search results: 4 records,4
273,CAMERON,FRACKVILLE,Showing search results: no results found,0
274,CAMERON,GREENE,Showing search results: no results found,0
275,CAMERON,HOUTZDALE,Showing search results: 2 records,2
276,CAMERON,HUNTINGDON,Showing search results: no results found,0
277,CAMERON,LAUREL HIGHLANDS,Showing search results: no results found,0
278,CAMERON,MAHANOY,Showing search results: no results found,0
279,CAMERON,MERCER,Showing search results: 1 records,1
280,CAMERON,MUNCY,Showing search results: no results found,0
281,CAMERON,PHOENIX,Showing search results: no results found,0
282,CAMERON,PINE GROVE,Showing search results: no results found,0
283,CAMERON,QUEHANNA BOOT CAMP,Showing search results: no results found,0
284,CAMERON,ROCKVIEW,Showing search results: no results found,0
285,CAMERON,SMITHFIELD,Showing search results: no results found,0
286,CAMERON,SOMERSET,Showing search results: no results found,0
287,CAMERON,WAYMART,Showing search results: no results found,0
288,CARBON,ALBION,Showing search results: 3 records,3
289,CARBON,BENNER TOWNSHIP,Showing search results: 5 records,5
290,CARBON,CAMBRIDGE SPRINGS,Showing search results: 2 records,2
291,CARBON,CAMP HILL,Showing search results: 10 records,10
292,CARBON,CHESTER,Showing search results: 6 records,6
293,CARBON,COAL TOWNSHIP,Showing search results: 8 records,8
294,CARBON,DALLAS,Showing search results: 5 records,5
295,CARBON,FAYETTE,Showing search results: 4 records,4
296,CARBON,FOREST,Showing search results: 9 records,9
297,CARBON,FRACKVILLE,Showing search results: 3 records,3
298,CARBON,GREENE,Showing search results: 4 records,4
299,CARBON,HOUTZDALE,Showing search results: 8 records,8
300,CARBON,HUNTINGDON,Showing search results: 4 records,4
301,CARBON,LAUREL HIGHLANDS,Showing search results: 2 records,2
302,CARBON,MAHANOY,Showing search results: 19 records,19
303,CARBON,MERCER,Showing search results: 2 records,2
304,CARBON,MUNCY,Showing search results: 5 records,5
305,CARBON,PHOENIX,Showing search results: 6 records,6
306,CARBON,PINE GROVE,Showing search results: 2 records,2
307,CARBON,QUEHANNA BOOT CAMP,Showing search results: 4 records,4
308,CARBON,ROCKVIEW,Showing search results: no results found,0
309,CARBON,SMITHFIELD,Showing search results: 1 records,1
310,CARBON,SOMERSET,Showing search results: 5 records,5
311,CARBON,WAYMART,Showing search results: 7 records,7
312,CENTRE,ALBION,Showing search results: 15 records,15
313,CENTRE,BENNER TOWNSHIP,Showing search results: 32 records,32
314,CENTRE,CAMBRIDGE SPRINGS,Showing search results: 3 records,3
315,CENTRE,CAMP HILL,Showing search results: 7 records,7
316,CENTRE,CHESTER,Showing search results: 4 records,4
317,CENTRE,COAL TOWNSHIP,Showing search results: 11 records,11
318,CENTRE,DALLAS,Showing search results: 2 records,2
319,CENTRE,FAYETTE,Showing search results: 8 records,8
320,CENTRE,FOREST,Showing search results: 18 records,18
321,CENTRE,FRACKVILLE,Showing search results: 2 records,2
322,CENTRE,GREENE,Showing search results: 8 records,8
323,CENTRE,HOUTZDALE,Showing search results: 20 records,20
324,CENTRE,HUNTINGDON,Showing search results: 11 records,11
325,CENTRE,LAUREL HIGHLANDS,Showing search results: 2 records,2
326,CENTRE,MAHANOY,Showing search results: 6 records,6
327,CENTRE,MERCER,Showing search results: 6 records,6
328,CENTRE,MUNCY,Showing search results: 9 records,9
329,CENTRE,PHOENIX,Showing search results: 2 records,2
330,CENTRE,PINE GROVE,Showing search results: 2 records,2
331,CENTRE,QUEHANNA BOOT CAMP,Showing search results: 1 records,1
332,CENTRE,ROCKVIEW,Showing search results: 21 records,21
333,CENTRE,SMITHFIELD,Showing search results: 4 records,4
334,CENTRE,SOMERSET,Showing search results: 9 records,9
335,CENTRE,WAYMART,Showing search results: 3 records,3
336,CHESTER,ALBION,Showing search results: 20 records,20
337,CHESTER,BENNER TOWNSHIP,Showing search results: 50 records,50
338,CHESTER,CAMBRIDGE SPRINGS,Showing search results: 17 records,17
339,CHESTER,CAMP HILL,Showing search results: 50 records,50
340,CHESTER,CHESTER,Showing search results: 36 records,36
341,CHESTER,COAL TOWNSHIP,Showing search results: 51 records,51
342,CHESTER,DALLAS,Showing search results: 33 records,33
343,CHESTER,FAYETTE,Showing search results: 27 records,27
344,CHESTER,FOREST,Showing search results: 27 records,27
345,CHESTER,FRACKVILLE,Showing search results: 35 records,35
346,CHESTER,GREENE,Showing search results: 23 records,23
347,CHESTER,HOUTZDALE,Showing search results: 48 records,48
348,CHESTER,HUNTINGDON,Showing search results: 47 records,47
349,CHESTER,LAUREL HIGHLANDS,Showing search results: 17 records,17
350,CHESTER,MAHANOY,Showing search results: 54 records,54
351,CHESTER,MERCER,Showing search results: 17 records,17
352,CHESTER,MUNCY,Showing search results: 33 records,33
353,CHESTER,PHOENIX,Showing search results: 120 records,120
354,CHESTER,PINE GROVE,Showing search results: 18 records,18
355,CHESTER,QUEHANNA BOOT CAMP,Showing search results: 4 records,4
356,CHESTER,ROCKVIEW,Showing search results: 34 records,34
357,CHESTER,SMITHFIELD,Showing search results: 13 records,13
358,CHESTER,SOMERSET,Showing search results: 49 records,49
359,CHESTER,WAYMART,Showing search results: 19 records,19
360,CLARION,ALBION,Showing search results: 12 records,12
361,CLARION,BENNER TOWNSHIP,Showing search results: no results found,0
362,CLARION,CAMBRIDGE SPRINGS,Showing search results: 5 records,5
363,CLARION,CAMP HILL,Showing search results: 7 records,7
364,CLARION,CHESTER,Showing search results: 4 records,4
365,CLARION,COAL TOWNSHIP,Showing search results: no results found,0
366,CLARION,DALLAS,Showing search results: 3 records,3
367,CLARION,FAYETTE,Showing search results: 7 records,7
368,CLARION,FOREST,Showing search results: 15 records,15
369,CLARION,FRACKVILLE,Showing search results: 1 records,1
370,CLARION,GREENE,Showing search results: 2 records,2
371,CLARION,HOUTZDALE,Showing search results: 8 records,8
372,CLARION,HUNTINGDON,Showing search results: no results found,0
373,CLARION,LAUREL HIGHLANDS,Showing search results: 3 records,3
374,CLARION,MAHANOY,Showing search results: 3 records,3
375,CLARION,MERCER,Showing search results: 17 records,17
376,CLARION,MUNCY,Showing search results: 4 records,4
377,CLARION,PHOENIX,Showing search results: 3 records,3
378,CLARION,PINE GROVE,Showing search results: 10 records,10
379,CLARION,QUEHANNA BOOT CAMP,Showing search results: 3 records,3
380,CLARION,ROCKVIEW,Showing search results: 1 records,1
381,CLARION,SMITHFIELD,Showing search results: 3 records,3
382,CLARION,SOMERSET,Showing search results: 4 records,4
383,CLARION,WAYMART,Showing search results: no results found,0
384,CLEARFIELD,ALBION,Showing search results: 17 records,17
385,CLEARFIELD,BENNER TOWNSHIP,Showing search results: 20 records,20
386,CLEARFIELD,CAMBRIDGE SPRINGS,Showing search results: 8 records,8
387,CLEARFIELD,CAMP HILL,Showing search results: 20 records,20
388,CLEARFIELD,CHESTER,Showing search results: 3 records,3
389,CLEARFIELD,COAL TOWNSHIP,Showing search results: 11 records,11
390,CLEARFIELD,DALLAS,Showing search results: 2 records,2
391,CLEARFIELD,FAYETTE,Showing search results: 17 records,17
392,CLEARFIELD,FOREST,Showing search results: 26 records,26
393,CLEARFIELD,FRACKVILLE,Showing search results: 2 records,2
394,CLEARFIELD,GREENE,Showing search results: 17 records,17
395,CLEARFIELD,HOUTZDALE,Showing search results: 51 records,51
396,CLEARFIELD,HUNTINGDON,Showing search results: 6 records,6
397,CLEARFIELD,LAUREL HIGHLANDS,Showing search results: 10 records,10
398,CLEARFIELD,MAHANOY,Showing search results: 8 records,8
399,CLEARFIELD,MERCER,Showing search results: 15 records,15
400,CLEARFIELD,MUNCY,Showing search results: 29 records,29
401,CLEARFIELD,PHOENIX,Showing search results: 11 records,11
402,CLEARFIELD,PINE GROVE,Showing search results: 12 records,12
403,CLEARFIELD,QUEHANNA BOOT CAMP,Showing search results: 2 records,2
404,CLEARFIELD,ROCKVIEW,Showing search results: 15 records,15
405,CLEARFIELD,SMITHFIELD,Showing search results: 4 records,4
406,CLEARFIELD,SOMERSET,Showing search results: 13 records,13
407,CLEARFIELD,WAYMART,Showing search results: 4 records,4
408,CLINTON,ALBION,Showing search results: 1 records,1
409,CLINTON,BENNER TOWNSHIP,Showing search results: 10 records,10
410,CLINTON,CAMBRIDGE SPRINGS,Showing search results: 4 records,4
411,CLINTON,CAMP HILL,Showing search results: 12 records,12
412,CLINTON,CHESTER,Showing search results: 5 records,5
413,CLINTON,COAL TOWNSHIP,Showing search results: 6 records,6
414,CLINTON,DALLAS,Showing search results: 2 records,2
415,CLINTON,FAYETTE,Showing search results: 1 records,1
416,CLINTON,FOREST,Showing search results: 4 records,4
417,CLINTON,FRACKVILLE,Showing search results: 1 records,1
418,CLINTON,GREENE,Showing search results: 5 records,5
419,CLINTON,HOUTZDALE,Showing search results: 9 records,9
420,CLINTON,HUNTINGDON,Showing search results: 5 records,5
421,CLINTON,LAUREL HIGHLANDS,Showing search results: 5 records,5
422,CLINTON,MAHANOY,Showing search results: 2 records,2
423,CLINTON,MERCER,Showing search results: 1 records,1
424,CLINTON,MUNCY,Showing search results: 8 records,8
425,CLINTON,PHOENIX,Showing search results: 2 records,2
426,CLINTON,PINE GROVE,Showing search results: 6 records,6
427,CLINTON,QUEHANNA BOOT CAMP,Showing search results: 4 records,4
428,CLINTON,ROCKVIEW,Showing search results: 9 records,9
429,CLINTON,SMITHFIELD,Showing search results: 6 records,6
430,CLINTON,SOMERSET,Showing search results: 4 records,4
431,CLINTON,WAYMART,Showing search results: 2 records,2
432,COLUMBIA,ALBION,Showing search results: 2 records,2
433,COLUMBIA,BENNER TOWNSHIP,Showing search results: 9 records,9
434,COLUMBIA,CAMBRIDGE SPRINGS,Showing search results: 3 records,3
435,COLUMBIA,CAMP HILL,Showing search results: 12 records,12
436,COLUMBIA,CHESTER,Showing search results: 4 records,4
437,COLUMBIA,COAL TOWNSHIP,Showing search results: 11 records,11
438,COLUMBIA,DALLAS,Showing search results: 4 records,4
439,COLUMBIA,FAYETTE,Showing search results: 4 records,4
440,COLUMBIA,FOREST,Showing search results: 5 records,5
441,COLUMBIA,FRACKVILLE,Showing search results: 1 records,1
442,COLUMBIA,GREENE,Showing search results: 3 records,3
443,COLUMBIA,HOUTZDALE,Showing search results: 8 records,8
444,COLUMBIA,HUNTINGDON,Showing search results: 2 records,2
445,COLUMBIA,LAUREL HIGHLANDS,Showing search results: 1 records,1
446,COLUMBIA,MAHANOY,Showing search results: 8 records,8
447,COLUMBIA,MERCER,Showing search results: 2 records,2
448,COLUMBIA,MUNCY,Showing search results: 9 records,9
449,COLUMBIA,PHOENIX,Showing search results: 6 records,6
450,COLUMBIA,PINE GROVE,Showing search results: no results found,0
451,COLUMBIA,QUEHANNA BOOT CAMP,Showing search results: no results found,0
452,COLUMBIA,ROCKVIEW,Showing search results: 5 records,5
453,COLUMBIA,SMITHFIELD,Showing search results: 7 records,7
454,COLUMBIA,SOMERSET,Showing search results: 2 records,2
455,COLUMBIA,WAYMART,Showing search results: 3 records,3
456,CRAWFORD,ALBION,Showing search results: 74 records,74
457,CRAWFORD,BENNER TOWNSHIP,Showing search results: 11 records,11
458,CRAWFORD,CAMBRIDGE SPRINGS,Showing search results: 15 records,15
459,CRAWFORD,CAMP HILL,Showing search results: 13 records,13
460,CRAWFORD,CHESTER,Showing search results: 5 records,5
461,CRAWFORD,COAL TOWNSHIP,Showing search results: 1 records,1
462,CRAWFORD,DALLAS,Showing search results: 4 records,4
463,CRAWFORD,FAYETTE,Showing search results: 15 records,15
464,CRAWFORD,FOREST,Showing search results: 45 records,45
465,CRAWFORD,FRACKVILLE,Showing search results: no results found,0
466,CRAWFORD,GREENE,Showing search results: 17 records,17
467,CRAWFORD,HOUTZDALE,Showing search results: 22 records,22
468,CRAWFORD,HUNTINGDON,Showing search results: 4 records,4
469,CRAWFORD,LAUREL HIGHLANDS,Showing search results: 6 records,6
470,CRAWFORD,MAHANOY,Showing search results: 3 records,3
471,CRAWFORD,MERCER,Showing search results: 29 records,29
472,CRAWFORD,MUNCY,Showing search results: 8 records,8
473,CRAWFORD,PHOENIX,Showing search results: 3 records,3
474,CRAWFORD,PINE GROVE,Showing search results: 4 records,4
475,CRAWFORD,QUEHANNA BOOT CAMP,Showing search results: 2 records,2
476,CRAWFORD,ROCKVIEW,Showing search results: 3 records,3
477,CRAWFORD,SMITHFIELD,Showing search results: 5 records,5
478,CRAWFORD,SOMERSET,Showing search results: 11 records,11
479,CRAWFORD,WAYMART,Showing search results: 3 records,3
480,CUMBERLAND,ALBION,Showing search results: 10 records,10
481,CUMBERLAND,BENNER TOWNSHIP,Showing search results: 18 records,18
482,CUMBERLAND,CAMBRIDGE SPRINGS,Showing search results: 9 records,9
483,CUMBERLAND,CAMP HILL,Showing search results: 26 records,26
484,CUMBERLAND,CHESTER,Showing search results: 14 records,14
485,CUMBERLAND,COAL TOWNSHIP,Showing search results: 15 records,15
486,CUMBERLAND,DALLAS,Showing search results: 5 records,5
487,CUMBERLAND,FAYETTE,Showing search results: 14 records,14
488,CUMBERLAND,FOREST,Showing search results: 18 records,18
489,CUMBERLAND,FRACKVILLE,Showing search results: 13 records,13
490,CUMBERLAND,GREENE,Showing search results: 15 records,15
491,CUMBERLAND,HOUTZDALE,Showing search results: 28 records,28
492,CUMBERLAND,HUNTINGDON,Showing search results: 28 records,28
493,CUMBERLAND,LAUREL HIGHLANDS,Showing search results: 11 records,11
494,CUMBERLAND,MAHANOY,Showing search results: 16 records,16
495,CUMBERLAND,MERCER,Showing search results: 7 records,7
496,CUMBERLAND,MUNCY,Showing search results: 12 records,12
497,CUMBERLAND,PHOENIX,Showing search results: 20 records,20
498,CUMBERLAND,PINE GROVE,Showing search results: 6 records,6
499,CUMBERLAND,QUEHANNA BOOT CAMP,Showing search results: 2 records,2
500,CUMBERLAND,ROCKVIEW,Showing search results: 14 records,14
501,CUMBERLAND,SMITHFIELD,Showing search results: 17 records,17
502,CUMBERLAND,SOMERSET,Showing search results: 19 records,19
503,CUMBERLAND,WAYMART,Showing search results: 9 records,9
504,DAUPHIN,ALBION,Showing search results: 39 records,39
505,DAUPHIN,BENNER TOWNSHIP,Showing search results: 137 records,137
506,DAUPHIN,CAMBRIDGE SPRINGS,Showing search results: 22 records,22
507,DAUPHIN,CAMP HILL,Showing search results: 136 records,136
508,DAUPHIN,CHESTER,Showing search results: 26 records,26
509,DAUPHIN,COAL TOWNSHIP,Showing search results: 112 records,112
510,DAUPHIN,DALLAS,Showing search results: 40 records,40
511,DAUPHIN,FAYETTE,Showing search results: 51 records,51
512,DAUPHIN,FOREST,Showing search results: 60 records,60
513,DAUPHIN,FRACKVILLE,Showing search results: 58 records,58
514,DAUPHIN,GREENE,Showing search results: 44 records,44
515,DAUPHIN,HOUTZDALE,Showing search results: 104 records,104
516,DAUPHIN,HUNTINGDON,Showing search results: 98 records,98
517,DAUPHIN,LAUREL HIGHLANDS,Showing search results: 36 records,36
518,DAUPHIN,MAHANOY,Showing search results: 83 records,83
519,DAUPHIN,MERCER,Showing search results: 27 records,27
520,DAUPHIN,MUNCY,Showing search results: 43 records,43
521,DAUPHIN,PHOENIX,Showing search results: 71 records,71
522,DAUPHIN,PINE GROVE,Showing search results: 33 records,33
523,DAUPHIN,QUEHANNA BOOT CAMP,Showing search results: 5 records,5
524,DAUPHIN,ROCKVIEW,Showing search results: 104 records,104
525,DAUPHIN,SMITHFIELD,Showing search results: 38 records,38
526,DAUPHIN,SOMERSET,Showing search results: 69 records,69
527,DAUPHIN,WAYMART,Showing search results: 25 records,25
528,DELAWARE,ALBION,Showing search results: 48 records,48
529,DELAWARE,BENNER TOWNSHIP,Showing search results: 60 records,60
530,DELAWARE,CAMBRIDGE SPRINGS,Showing search results: 21 records,21
531,DELAWARE,CAMP HILL,Showing search results: 74 records,74
532,DELAWARE,CHESTER,Showing search results: 67 records,67
533,DELAWARE,COAL TOWNSHIP,Showing search results: 91 records,91
534,DELAWARE,DALLAS,Showing search results: 77 records,77
535,DELAWARE,FAYETTE,Showing search results: 48 records,48
536,DELAWARE,FOREST,Showing search results: 69 records,69
537,DELAWARE,FRACKVILLE,Showing search results: 55 records,55
538,DELAWARE,GREENE,Showing search results: 42 records,42
539,DELAWARE,HOUTZDALE,Showing search results: 78 records,78
540,DELAWARE,HUNTINGDON,Showing search results: 69 records,69
541,DELAWARE,LAUREL HIGHLANDS,Showing search results: 35 records,35
542,DELAWARE,MAHANOY,Showing search results: 128 records,128
543,DELAWARE,MERCER,Showing search results: 28 records,28
544,DELAWARE,MUNCY,Showing search results: 43 records,43
545,DELAWARE,PHOENIX,Showing search results: 237 records,237
546,DELAWARE,PINE GROVE,Showing search results: 34 records,34
547,DELAWARE,QUEHANNA BOOT CAMP,Showing search results: 13 records,13
548,DELAWARE,ROCKVIEW,Showing search results: 66 records,66
549,DELAWARE,SMITHFIELD,Showing search results: 31 records,31
550,DELAWARE,SOMERSET,Showing search results: 68 records,68
551,DELAWARE,WAYMART,Showing search results: 46 records,46
552,ELK,ALBION,Showing search results: 8 records,8
553,ELK,BENNER TOWNSHIP,Showing search results: 2 records,2
554,ELK,CAMBRIDGE SPRINGS,Showing search results: 9 records,9
555,ELK,CAMP HILL,Showing search results: 3 records,3
556,ELK,CHESTER,Showing search results: 1 records,1
557,ELK,COAL TOWNSHIP,Showing search results: 3 records,3
558,ELK,DALLAS,Showing search results: no results found,0
559,ELK,FAYETTE,Showing search results: 3 records,3
560,ELK,FOREST,Showing search results: 28 records,28
561,ELK,FRACKVILLE,Showing search results: no results found,0
562,ELK,GREENE,Showing search results: 8 records,8
563,ELK,HOUTZDALE,Showing search results: 12 records,12
564,ELK,HUNTINGDON,Showing search results: no results found,0
565,ELK,LAUREL HIGHLANDS,Showing search results: 2 records,2
566,ELK,MAHANOY,Showing search results: 1 records,1
567,ELK,MERCER,Showing search results: 2 records,2
568,ELK,MUNCY,Showing search results: 1 records,1
569,ELK,PHOENIX,Showing search results: 1 records,1
570,ELK,PINE GROVE,Showing search results: 3 records,3
571,ELK,QUEHANNA BOOT CAMP,Showing search results: 4 records,4
572,ELK,ROCKVIEW,Showing search results: 1 records,1
573,ELK,SMITHFIELD,Showing search results: 7 records,7
574,ELK,SOMERSET,Showing search results: 1 records,1
575,ELK,WAYMART,Showing search results: no results found,0
576,ERIE,ALBION,Showing search results: 225 records,225
577,ERIE,BENNER TOWNSHIP,Showing search results: 34 records,34
578,ERIE,CAMBRIDGE SPRINGS,Showing search results: 27 records,27
579,ERIE,CAMP HILL,Showing search results: 34 records,34
580,ERIE,CHESTER,Showing search results: 9 records,9
581,ERIE,COAL TOWNSHIP,Showing search results: 3 records,3
582,ERIE,DALLAS,Showing search results: 7 records,7
583,ERIE,FAYETTE,Showing search results: 51 records,51
584,ERIE,FOREST,Showing search results: 135 records,135
585,ERIE,FRACKVILLE,Showing search results: 11 records,11
586,ERIE,GREENE,Showing search results: 65 records,65
587,ERIE,HOUTZDALE,Showing search results: 55 records,55
588,ERIE,HUNTINGDON,Showing search results: 26 records,26
589,ERIE,LAUREL HIGHLANDS,Showing search results: 13 records,13
590,ERIE,MAHANOY,Showing search results: 8 records,8
591,ERIE,MERCER,Showing search results: 71 records,71
592,ERIE,MUNCY,Showing search results: 15 records,15
593,ERIE,PHOENIX,Showing search results: 17 records,17
594,ERIE,PINE GROVE,Showing search results: 27 records,27
595,ERIE,QUEHANNA BOOT CAMP,Showing search results: 8 records,8
596,ERIE,ROCKVIEW,Showing search results: 22 records,22
597,ERIE,SMITHFIELD,Showing search results: 23 records,23
598,ERIE,SOMERSET,Showing search results: 46 records,46
599,ERIE,WAYMART,Showing search results: 6 records,6
600,FAYETTE,ALBION,Showing search results: 34 records,34
601,FAYETTE,BENNER TOWNSHIP,Showing search results: 23 records,23
602,FAYETTE,CAMBRIDGE SPRINGS,Showing search results: 30 records,30
603,FAYETTE,CAMP HILL,Showing search results: 20 records,20
604,FAYETTE,CHESTER,Showing search results: 8 records,8
605,FAYETTE,COAL TOWNSHIP,Showing search results: 5 records,5
606,FAYETTE,DALLAS,Showing search results: 7 records,7
607,FAYETTE,FAYETTE,Showing search results: 107 records,107
608,FAYETTE,FOREST,Showing search results: 41 records,41
609,FAYETTE,FRACKVILLE,Showing search results: 4 records,4
610,FAYETTE,GREENE,Showing search results: 51 records,51
611,FAYETTE,HOUTZDALE,Showing search results: 29 records,29
612,FAYETTE,HUNTINGDON,Showing search results: 14 records,14
613,FAYETTE,LAUREL HIGHLANDS,Showing search results: 15 records,15
614,FAYETTE,MAHANOY,Showing search results: 8 records,8
615,FAYETTE,MERCER,Showing search results: 33 records,33
616,FAYETTE,MUNCY,Showing search results: 21 records,21
617,FAYETTE,PHOENIX,Showing search results: 9 records,9
618,FAYETTE,PINE GROVE,Showing search results: 13 records,13
619,FAYETTE,QUEHANNA BOOT CAMP,Showing search results: 1 records,1
620,FAYETTE,ROCKVIEW,Showing search results: 4 records,4
621,FAYETTE,SMITHFIELD,Showing search results: 11 records,11
622,FAYETTE,SOMERSET,Showing search results: 63 records,63
623,FAYETTE,WAYMART,Showing search results: 5 records,5
624,FOREST,ALBION,Showing search results: 3 records,3
625,FOREST,BENNER TOWNSHIP,Showing search results: 1 records,1
626,FOREST,CAMBRIDGE SPRINGS,Showing search results: 2 records,2
627,FOREST,CAMP HILL,Showing search results: 2 records,2
628,FOREST,CHESTER,Showing search results: no results found,0
629,FOREST,COAL TOWNSHIP,Showing search results: no results found,0
630,FOREST,DALLAS,Showing search results: no results found,0
631,FOREST,FAYETTE,Showing search results: no results found,0
632,FOREST,FOREST,Showing search results: 3 records,3
633,FOREST,FRACKVILLE,Showing search results: 1 records,1
634,FOREST,GREENE,Showing search results: 1 records,1
635,FOREST,HOUTZDALE,Showing search results: 2 records,2
636,FOREST,HUNTINGDON,Showing search results: 1 records,1
637,FOREST,LAUREL HIGHLANDS,Showing search results: no results found,0
638,FOREST,MAHANOY,Showing search results: no results found,0
639,FOREST,MERCER,Showing search results: no results found,0
640,FOREST,MUNCY,Showing search results: 1 records,1
641,FOREST,PHOENIX,Showing search results: 1 records,1
642,FOREST,PINE GROVE,Showing search results: no results found,0
643,FOREST,QUEHANNA BOOT CAMP,Showing search results: no results found,0
644,FOREST,ROCKVIEW,Showing search results: 1 records,1
645,FOREST,SMITHFIELD,Showing search results: no results found,0
646,FOREST,SOMERSET,Showing search results: 1 records,1
647,FOREST,WAYMART,Showing search results: no results found,0
648,FRANKLIN,ALBION,Showing search results: 16 records,16
649,FRANKLIN,BENNER TOWNSHIP,Showing search results: 26 records,26
650,FRANKLIN,CAMBRIDGE SPRINGS,Showing search results: 16 records,16
651,FRANKLIN,CAMP HILL,Showing search results: 31 records,31
652,FRANKLIN,CHESTER,Showing search results: 23 records,23
653,FRANKLIN,COAL TOWNSHIP,Showing search results: 27 records,27
654,FRANKLIN,DALLAS,Showing search results: 10 records,10
655,FRANKLIN,FAYETTE,Showing search results: 28 records,28
656,FRANKLIN,FOREST,Showing search results: 19 records,19
657,FRANKLIN,FRACKVILLE,Showing search results: 11 records,11
658,FRANKLIN,GREENE,Showing search results: 18 records,18
659,FRANKLIN,HOUTZDALE,Showing search results: 35 records,35
660,FRANKLIN,HUNTINGDON,Showing search results: 47 records,47
661,FRANKLIN,LAUREL HIGHLANDS,Showing search results: 28 records,28
662,FRANKLIN,MAHANOY,Showing search results: 16 records,16
663,FRANKLIN,MERCER,Showing search results: 11 records,11
664,FRANKLIN,MUNCY,Showing search results: 29 records,29
665,FRANKLIN,PHOENIX,Showing search results: 17 records,17
666,FRANKLIN,PINE GROVE,Showing search results: 14 records,14
667,FRANKLIN,QUEHANNA BOOT CAMP,Showing search results: 2 records,2
668,FRANKLIN,ROCKVIEW,Showing search results: 24 records,24
669,FRANKLIN,SMITHFIELD,Showing search results: 26 records,26
670,FRANKLIN,SOMERSET,Showing search results: 49 records,49
671,FRANKLIN,WAYMART,Showing search results: 11 records,11
672,FULTON,ALBION,Showing search results: 3 records,3
673,FULTON,BENNER TOWNSHIP,Showing search results: 2 records,2
674,FULTON,CAMBRIDGE SPRINGS,Showing search results: 5 records,5
675,FULTON,CAMP HILL,Showing search results: 2 records,2
676,FULTON,CHESTER,Showing search results: 2 records,2
677,FULTON,COAL TOWNSHIP,Showing search results: 3 records,3
678,FULTON,DALLAS,Showing search results: 1 records,1
679,FULTON,FAYETTE,Showing search results: 2 records,2
680,FULTON,FOREST,Showing search results: 4 records,4
681,FULTON,FRACKVILLE,Showing search results: no results found,0
682,FULTON,GREENE,Showing search results: 3 records,3
683,FULTON,HOUTZDALE,Showing search results: 5 records,5
684,FULTON,HUNTINGDON,Showing search results: 3 records,3
685,FULTON,LAUREL HIGHLANDS,Showing search results: 5 records,5
686,FULTON,MAHANOY,Showing search results: 3 records,3
687,FULTON,MERCER,Showing search results: 1 records,1
688,FULTON,MUNCY,Showing search results: 2 records,2
689,FULTON,PHOENIX,Showing search results: 4 records,4
690,FULTON,PINE GROVE,Showing search results: 1 records,1
691,FULTON,QUEHANNA BOOT CAMP,Showing search results: no results found,0
692,FULTON,ROCKVIEW,Showing search results: 1 records,1
693,FULTON,SMITHFIELD,Showing search results: 4 records,4
694,FULTON,SOMERSET,Showing search results: 13 records,13
695,FULTON,WAYMART,Showing search results: 3 records,3
696,GREENE,ALBION,Showing search results: 5 records,5
697,GREENE,BENNER TOWNSHIP,Showing search results: no results found,0
698,GREENE,CAMBRIDGE SPRINGS,Showing search results: 5 records,5
699,GREENE,CAMP HILL,Showing search results: no results found,0
700,GREENE,CHESTER,Showing search results: 2 records,2
701,GREENE,COAL TOWNSHIP,Showing search results: 4 records,4
702,GREENE,DALLAS,Showing search results: no results found,0
703,GREENE,FAYETTE,Showing search results: 5 records,5
704,GREENE,FOREST,Showing search results: 4 records,4
705,GREENE,FRACKVILLE,Showing search results: 2 records,2
706,GREENE,GREENE,Showing search results: 6 records,6
707,GREENE,HOUTZDALE,Showing search results: 6 records,6
708,GREENE,HUNTINGDON,Showing search results: 1 records,1
709,GREENE,LAUREL HIGHLANDS,Showing search results: 4 records,4
710,GREENE,MAHANOY,Showing search results: 1 records,1
711,GREENE,MERCER,Showing search results: 5 records,5
712,GREENE,MUNCY,Showing search results: 5 records,5
713,GREENE,PHOENIX,Showing search results: 2 records,2
714,GREENE,PINE GROVE,Showing search results: 3 records,3
715,GREENE,QUEHANNA BOOT CAMP,Showing search results: 1 records,1
716,GREENE,ROCKVIEW,Showing search results: 2 records,2
717,GREENE,SMITHFIELD,Showing search results: 1 records,1
718,GREENE,SOMERSET,Showing search results: 10 records,10
719,GREENE,WAYMART,Showing search results: no results found,0
720,HUNTINGDON,ALBION,Showing search results: 6 records,6
721,HUNTINGDON,BENNER TOWNSHIP,Showing search results: 11 records,11
722,HUNTINGDON,CAMBRIDGE SPRINGS,Showing search results: 7 records,7
723,HUNTINGDON,CAMP HILL,Showing search results: 8 records,8
724,HUNTINGDON,CHESTER,Showing search results: 4 records,4
725,HUNTINGDON,COAL TOWNSHIP,Showing search results: 6 records,6
726,HUNTINGDON,DALLAS,Showing search results: no results found,0
727,HUNTINGDON,FAYETTE,Showing search results: 2 records,2
728,HUNTINGDON,FOREST,Showing search results: 7 records,7
729,HUNTINGDON,FRACKVILLE,Showing search results: 2 records,2
730,HUNTINGDON,GREENE,Showing search results: 7 records,7
731,HUNTINGDON,HOUTZDALE,Showing search results: 15 records,15
732,HUNTINGDON,HUNTINGDON,Showing search results: 14 records,14
733,HUNTINGDON,LAUREL HIGHLANDS,Showing search results: 1 records,1
734,HUNTINGDON,MAHANOY,Showing search results: 4 records,4
735,HUNTINGDON,MERCER,Showing search results: 6 records,6
736,HUNTINGDON,MUNCY,Showing search results: 5 records,5
737,HUNTINGDON,PHOENIX,Showing search results: 10 records,10
738,HUNTINGDON,PINE GROVE,Showing search results: 5 records,5
739,HUNTINGDON,QUEHANNA BOOT CAMP,Showing search results: no results found,0
740,HUNTINGDON,ROCKVIEW,Showing search results: 5 records,5
741,HUNTINGDON,SMITHFIELD,Showing search results: 6 records,6
742,HUNTINGDON,SOMERSET,Showing search results: 9 records,9
743,HUNTINGDON,WAYMART,Showing search results: 2 records,2
744,INDIANA,ALBION,Showing search results: 7 records,7
745,INDIANA,BENNER TOWNSHIP,Showing search results: 7 records,7
746,INDIANA,CAMBRIDGE SPRINGS,Showing search results: 3 records,3
747,INDIANA,CAMP HILL,Showing search results: 3 records,3
748,INDIANA,CHESTER,Showing search results: 3 records,3
749,INDIANA,COAL TOWNSHIP,Showing search results: 2 records,2
750,INDIANA,DALLAS,Showing search results: no results found,0
751,INDIANA,FAYETTE,Showing search results: 2 records,2
752,INDIANA,FOREST,Showing search results: 5 records,5
753,INDIANA,FRACKVILLE,Showing search results: 1 records,1
754,INDIANA,GREENE,Showing search results: 14 records,14
755,INDIANA,HOUTZDALE,Showing search results: 7 records,7
756,INDIANA,HUNTINGDON,Showing search results: 3 records,3
757,INDIANA,LAUREL HIGHLANDS,Showing search results: 2 records,2
758,INDIANA,MAHANOY,Showing search results: 1 records,1
759,INDIANA,MERCER,Showing search results: 9 records,9
760,INDIANA,MUNCY,Showing search results: 3 records,3
761,INDIANA,PHOENIX,Showing search results: 4 records,4
762,INDIANA,PINE GROVE,Showing search results: 12 records,12
763,INDIANA,QUEHANNA BOOT CAMP,Showing search results: 1 records,1
764,INDIANA,ROCKVIEW,Showing search results: 5 records,5
765,INDIANA,SMITHFIELD,Showing search results: 12 records,12
766,INDIANA,SOMERSET,Showing search results: 12 records,12
767,INDIANA,WAYMART,Showing search results: 2 records,2
768,JEFFERSON,ALBION,Showing search results: 27 records,27
769,JEFFERSON,BENNER TOWNSHIP,Showing search results: 17 records,17
770,JEFFERSON,CAMBRIDGE SPRINGS,Showing search results: 29 records,29
771,JEFFERSON,CAMP HILL,Showing search results: 12 records,12
772,JEFFERSON,CHESTER,Showing search results: 5 records,5
773,JEFFERSON,COAL TOWNSHIP,Showing search results: 14 records,14
774,JEFFERSON,DALLAS,Showing search results: 2 records,2
775,JEFFERSON,FAYETTE,Showing search results: 10 records,10
776,JEFFERSON,FOREST,Showing search results: 48 records,48
777,JEFFERSON,FRACKVILLE,Showing search results: 1 records,1
778,JEFFERSON,GREENE,Showing search results: 27 records,27
779,JEFFERSON,HOUTZDALE,Showing search results: 32 records,32
780,JEFFERSON,HUNTINGDON,Showing search results: 6 records,6
781,JEFFERSON,LAUREL HIGHLANDS,Showing search results: 10 records,10
782,JEFFERSON,MAHANOY,Showing search results: 7 records,7
783,JEFFERSON,MERCER,Showing search results: 22 records,22
784,JEFFERSON,MUNCY,Showing search results: 19 records,19
785,JEFFERSON,PHOENIX,Showing search results: 3 records,3
786,JEFFERSON,PINE GROVE,Showing search results: 7 records,7
787,JEFFERSON,QUEHANNA BOOT CAMP,Showing search results: 8 records,8
788,JEFFERSON,ROCKVIEW,Showing search results: 4 records,4
789,JEFFERSON,SMITHFIELD,Showing search results: 4 records,4
790,JEFFERSON,SOMERSET,Showing search results: 14 records,14
791,JEFFERSON,WAYMART,Showing search results: 1 records,1
792,JUNIATA,ALBION,Showing search results: 2 records,2
793,JUNIATA,BENNER TOWNSHIP,Showing search results: 2 records,2
794,JUNIATA,CAMBRIDGE SPRINGS,Showing search results: no results found,0
795,JUNIATA,CAMP HILL,Showing search results: 3 records,3
796,JUNIATA,CHESTER,Showing search results: 1 records,1
797,JUNIATA,COAL TOWNSHIP,Showing search results: 2 records,2
798,JUNIATA,DALLAS,Showing search results: 1 records,1
799,JUNIATA,FAYETTE,Showing search results: 2 records,2
800,JUNIATA,FOREST,Showing search results: no results found,0
801,JUNIATA,FRACKVILLE,Showing search results: 1 records,1
802,JUNIATA,GREENE,Showing search results: no results found,0
803,JUNIATA,HOUTZDALE,Showing search results: 6 records,6
804,JUNIATA,HUNTINGDON,Showing search results: 2 records,2
805,JUNIATA,LAUREL HIGHLANDS,Showing search results: 3 records,3
806,JUNIATA,MAHANOY,Showing search results: 3 records,3
807,JUNIATA,MERCER,Showing search results: 2 records,2
808,JUNIATA,MUNCY,Showing search results: 1 records,1
809,JUNIATA,PHOENIX,Showing search results: no results found,0
810,JUNIATA,PINE GROVE,Showing search results: no results found,0
811,JUNIATA,QUEHANNA BOOT CAMP,Showing search results: no results found,0
812,JUNIATA,ROCKVIEW,Showing search results: 6 records,6
813,JUNIATA,SMITHFIELD,Showing search results: 3 records,3
814,JUNIATA,SOMERSET,Showing search results: 3 records,3
815,JUNIATA,WAYMART,Showing search results: 1 records,1
816,LACKAWANNA,ALBION,Showing search results: 27 records,27
817,LACKAWANNA,BENNER TOWNSHIP,Showing search results: 53 records,53
818,LACKAWANNA,CAMBRIDGE SPRINGS,Showing search results: 11 records,11
819,LACKAWANNA,CAMP HILL,Showing search results: 28 records,28
820,LACKAWANNA,CHESTER,Showing search results: 20 records,20
821,LACKAWANNA,COAL TOWNSHIP,Showing search results: 50 records,50
822,LACKAWANNA,DALLAS,Showing search results: 57 records,57
823,LACKAWANNA,FAYETTE,Showing search results: 20 records,20
824,LACKAWANNA,FOREST,Showing search results: 17 records,17
825,LACKAWANNA,FRACKVILLE,Showing search results: 25 records,25
826,LACKAWANNA,GREENE,Showing search results: 11 records,11
827,LACKAWANNA,HOUTZDALE,Showing search results: 42 records,42
828,LACKAWANNA,HUNTINGDON,Showing search results: 21 records,21
829,LACKAWANNA,LAUREL HIGHLANDS,Showing search results: 19 records,19
830,LACKAWANNA,MAHANOY,Showing search results: 43 records,43
831,LACKAWANNA,MERCER,Showing search results: 12 records,12
832,LACKAWANNA,MUNCY,Showing search results: 26 records,26
833,LACKAWANNA,PHOENIX,Showing search results: 48 records,48
834,LACKAWANNA,PINE GROVE,Showing search results: 14 records,14
835,LACKAWANNA,QUEHANNA BOOT CAMP,Showing search results: 3 records,3
836,LACKAWANNA,ROCKVIEW,Showing search results: 27 records,27
837,LACKAWANNA,SMITHFIELD,Showing search results: 48 records,48
838,LACKAWANNA,SOMERSET,Showing search results: 19 records,19
839,LACKAWANNA,WAYMART,Showing search results: 51 records,51
840,LANCASTER,ALBION,Showing search results: 43 records,43
841,LANCASTER,BENNER TOWNSHIP,Showing search results: 111 records,111
842,LANCASTER,CAMBRIDGE SPRINGS,Showing search results: 35 records,35
843,LANCASTER,CAMP HILL,Showing search results: 117 records,117
844,LANCASTER,CHESTER,Showing search results: 52 records,52
845,LANCASTER,COAL TOWNSHIP,Showing search results: 109 records,109
846,LANCASTER,DALLAS,Showing search results: 48 records,48
847,LANCASTER,FAYETTE,Showing search results: 61 records,61
848,LANCASTER,FOREST,Showing search results: 50 records,50
849,LANCASTER,FRACKVILLE,Showing search results: 37 records,37
850,LANCASTER,GREENE,Showing search results: 37 records,37
851,LANCASTER,HOUTZDALE,Showing search results: 128 records,128
852,LANCASTER,HUNTINGDON,Showing search results: 107 records,107
853,LANCASTER,LAUREL HIGHLANDS,Showing search results: 32 records,32
854,LANCASTER,MAHANOY,Showing search results: 94 records,94
855,LANCASTER,MERCER,Showing search results: 20 records,20
856,LANCASTER,MUNCY,Showing search results: 47 records,47
857,LANCASTER,PHOENIX,Showing search results: 109 records,109
858,LANCASTER,PINE GROVE,Showing search results: 47 records,47
859,LANCASTER,QUEHANNA BOOT CAMP,Showing search results: 16 records,16
860,LANCASTER,ROCKVIEW,Showing search results: 93 records,93
861,LANCASTER,SMITHFIELD,Showing search results: 27 records,27
862,LANCASTER,SOMERSET,Showing search results: 88 records,88
863,LANCASTER,WAYMART,Showing search results: 35 records,35
864,LAWRENCE,ALBION,Showing search results: 27 records,27
865,LAWRENCE,BENNER TOWNSHIP,Showing search results: 2 records,2
866,LAWRENCE,CAMBRIDGE SPRINGS,Showing search results: 8 records,8
867,LAWRENCE,CAMP HILL,Showing search results: 12 records,12
868,LAWRENCE,CHESTER,Showing search results: 1 records,1
869,LAWRENCE,COAL TOWNSHIP,Showing search results: 2 records,2
870,LAWRENCE,DALLAS,Showing search results: 3 records,3
871,LAWRENCE,FAYETTE,Showing search results: 14 records,14
872,LAWRENCE,FOREST,Showing search results: 15 records,15
873,LAWRENCE,FRACKVILLE,Showing search results: 2 records,2
874,LAWRENCE,GREENE,Showing search results: 16 records,16
875,LAWRENCE,HOUTZDALE,Showing search results: 9 records,9
876,LAWRENCE,HUNTINGDON,Showing search results: 7 records,7
877,LAWRENCE,LAUREL HIGHLANDS,Showing search results: 3 records,3
878,LAWRENCE,MAHANOY,Showing search results: 2 records,2
879,LAWRENCE,MERCER,Showing search results: 23 records,23
880,LAWRENCE,MUNCY,Showing search results: 4 records,4
881,LAWRENCE,PHOENIX,Showing search results: 1 records,1
882,LAWRENCE,PINE GROVE,Showing search results: 5 records,5
883,LAWRENCE,QUEHANNA BOOT CAMP,Showing search results: 3 records,3
884,LAWRENCE,ROCKVIEW,Showing search results: 3 records,3
885,LAWRENCE,SMITHFIELD,Showing search results: 9 records,9
886,LAWRENCE,SOMERSET,Showing search results: 3 records,3
887,LAWRENCE,WAYMART,Showing search results: 2 records,2
888,LEBANON,ALBION,Showing search results: 19 records,19
889,LEBANON,BENNER TOWNSHIP,Showing search results: 25 records,25
890,LEBANON,CAMBRIDGE SPRINGS,Showing search results: 11 records,11
891,LEBANON,CAMP HILL,Showing search results: 58 records,58
892,LEBANON,CHESTER,Showing search results: 17 records,17
893,LEBANON,COAL TOWNSHIP,Showing search results: 56 records,56
894,LEBANON,DALLAS,Showing search results: 27 records,27
895,LEBANON,FAYETTE,Showing search results: 24 records,24
896,LEBANON,FOREST,Showing search results: 20 records,20
897,LEBANON,FRACKVILLE,Showing search results: 21 records,21
898,LEBANON,GREENE,Showing search results: 22 records,22
899,LEBANON,HOUTZDALE,Showing search results: 39 records,39
900,LEBANON,HUNTINGDON,Showing search results: 28 records,28
901,LEBANON,LAUREL HIGHLANDS,Showing search results: 15 records,15
902,LEBANON,MAHANOY,Showing search results: 39 records,39
903,LEBANON,MERCER,Showing search results: 11 records,11
904,LEBANON,MUNCY,Showing search results: 21 records,21
905,LEBANON,PHOENIX,Showing search results: 25 records,25
906,LEBANON,PINE GROVE,Showing search results: 8 records,8
907,LEBANON,QUEHANNA BOOT CAMP,Showing search results: 2 records,2
908,LEBANON,ROCKVIEW,Showing search results: 20 records,20
909,LEBANON,SMITHFIELD,Showing search results: 25 records,25
910,LEBANON,SOMERSET,Showing search results: 17 records,17
911,LEBANON,WAYMART,Showing search results: 11 records,11
912,LEHIGH,ALBION,Showing search results: 35 records,35
913,LEHIGH,BENNER TOWNSHIP,Showing search results: 63 records,63
914,LEHIGH,CAMBRIDGE SPRINGS,Showing search results: 23 records,23
915,LEHIGH,CAMP HILL,Showing search results: 39 records,39
916,LEHIGH,CHESTER,Showing search results: 29 records,29
917,LEHIGH,COAL TOWNSHIP,Showing search results: 63 records,63
918,LEHIGH,DALLAS,Showing search results: 57 records,57
919,LEHIGH,FAYETTE,Showing search results: 40 records,40
920,LEHIGH,FOREST,Showing search results: 48 records,48
921,LEHIGH,FRACKVILLE,Showing search results: 58 records,58
922,LEHIGH,GREENE,Showing search results: 42 records,42
923,LEHIGH,HOUTZDALE,Showing search results: 48 records,48
924,LEHIGH,HUNTINGDON,Showing search results: 21 records,21
925,LEHIGH,LAUREL HIGHLANDS,Showing search results: 16 records,16
926,LEHIGH,MAHANOY,Showing search results: 119 records,119
927,LEHIGH,MERCER,Showing search results: 10 records,10
928,LEHIGH,MUNCY,Showing search results: 24 records,24
929,LEHIGH,PHOENIX,Showing search results: 80 records,80
930,LEHIGH,PINE GROVE,Showing search results: 33 records,33
931,LEHIGH,QUEHANNA BOOT CAMP,Showing search results: 7 records,7
932,LEHIGH,ROCKVIEW,Showing search results: 48 records,48
933,LEHIGH,SMITHFIELD,Showing search results: 25 records,25
934,LEHIGH,SOMERSET,Showing search results: 46 records,46
935,LEHIGH,WAYMART,Showing search results: 36 records,36
936,LUZERNE,ALBION,Showing search results: 21 records,21
937,LUZERNE,BENNER TOWNSHIP,Showing search results: 56 records,56
938,LUZERNE,CAMBRIDGE SPRINGS,Showing search results: 16 records,16
939,LUZERNE,CAMP HILL,Showing search results: 50 records,50
940,LUZERNE,CHESTER,Showing search results: 27 records,27
941,LUZERNE,COAL TOWNSHIP,Showing search results: 44 records,44
942,LUZERNE,DALLAS,Showing search results: 90 records,90
943,LUZERNE,FAYETTE,Showing search results: 15 records,15
944,LUZERNE,FOREST,Showing search results: 47 records,47
945,LUZERNE,FRACKVILLE,Showing search results: 26 records,26
946,LUZERNE,GREENE,Showing search results: 23 records,23
947,LUZERNE,HOUTZDALE,Showing search results: 55 records,55
948,LUZERNE,HUNTINGDON,Showing search results: 26 records,26
949,LUZERNE,LAUREL HIGHLANDS,Showing search results: 18 records,18
950,LUZERNE,MAHANOY,Showing search results: 68 records,68
951,LUZERNE,MERCER,Showing search results: 12 records,12
952,LUZERNE,MUNCY,Showing search results: 27 records,27
953,LUZERNE,PHOENIX,Showing search results: 27 records,27
954,LUZERNE,PINE GROVE,Showing search results: 13 records,13
955,LUZERNE,QUEHANNA BOOT CAMP,Showing search results: 11 records,11
956,LUZERNE,ROCKVIEW,Showing search results: 30 records,30
957,LUZERNE,SMITHFIELD,Showing search results: 14 records,14
958,LUZERNE,SOMERSET,Showing search results: 14 records,14
959,LUZERNE,WAYMART,Showing search results: 30 records,30
960,LYCOMING,ALBION,Showing search results: 18 records,18
961,LYCOMING,BENNER TOWNSHIP,Showing search results: 46 records,46
962,LYCOMING,CAMBRIDGE SPRINGS,Showing search results: 14 records,14
963,LYCOMING,CAMP HILL,Showing search results: 33 records,33
964,LYCOMING,CHESTER,Showing search results: 7 records,7
965,LYCOMING,COAL TOWNSHIP,Showing search results: 46 records,46
966,LYCOMING,DALLAS,Showing search results: 19 records,19
967,LYCOMING,FAYETTE,Showing search results: 21 records,21
968,LYCOMING,FOREST,Showing search results: 30 records,30
969,LYCOMING,FRACKVILLE,Showing search results: 10 records,10
970,LYCOMING,GREENE,Showing search results: 11 records,11
971,LYCOMING,HOUTZDALE,Showing search results: 32 records,32
972,LYCOMING,HUNTINGDON,Showing search results: 18 records,18
973,LYCOMING,LAUREL HIGHLANDS,Showing search results: 14 records,14
974,LYCOMING,MAHANOY,Showing search results: 14 records,14
975,LYCOMING,MERCER,Showing search results: 10 records,10
976,LYCOMING,MUNCY,Showing search results: 21 records,21
977,LYCOMING,PHOENIX,Showing search results: 21 records,21
978,LYCOMING,PINE GROVE,Showing search results: 8 records,8
979,LYCOMING,QUEHANNA BOOT CAMP,Showing search results: 3 records,3
980,LYCOMING,ROCKVIEW,Showing search results: 37 records,37
981,LYCOMING,SMITHFIELD,Showing search results: 16 records,16
982,LYCOMING,SOMERSET,Showing search results: 24 records,24
983,LYCOMING,WAYMART,Showing search results: 6 records,6
984,MCKEAN,ALBION,Showing search results: 20 records,20
985,MCKEAN,BENNER TOWNSHIP,Showing search results: 12 records,12
986,MCKEAN,CAMBRIDGE SPRINGS,Showing search results: 11 records,11
987,MCKEAN,CAMP HILL,Showing search results: 3 records,3
988,MCKEAN,CHESTER,Showing search results: 1 records,1
989,MCKEAN,COAL TOWNSHIP,Showing search results: 1 records,1
990,MCKEAN,DALLAS,Showing search results: 1 records,1
991,MCKEAN,FAYETTE,Showing search results: 7 records,7
992,MCKEAN,FOREST,Showing search results: 20 records,20
993,MCKEAN,FRACKVILLE,Showing search results: 1 records,1
994,MCKEAN,GREENE,Showing search results: 7 records,7
995,MCKEAN,HOUTZDALE,Showing search results: 15 records,15
996,MCKEAN,HUNTINGDON,Showing search results: 4 records,4
997,MCKEAN,LAUREL HIGHLANDS,Showing search results: 3 records,3
998,MCKEAN,MAHANOY,Showing search results: no results found,0
999,MCKEAN,MERCER,Showing search results: 11 records,11
1000,MCKEAN,MUNCY,Showing search results: 7 records,7
1001,MCKEAN,PHOENIX,Showing search results: 1 records,1
1002,MCKEAN,PINE GROVE,Showing search results: 4 records,4
1003,MCKEAN,QUEHANNA BOOT CAMP,Showing search results: 5 records,5
1004,MCKEAN,ROCKVIEW,Showing search results: 2 records,2
1005,MCKEAN,SMITHFIELD,Showing search results: 2 records,2
1006,MCKEAN,SOMERSET,Showing search results: 2 records,2
1007,MCKEAN,WAYMART,Showing search results: 1 records,1
1008,MERCER,ALBION,Showing search results: 77 records,77
1009,MERCER,BENNER TOWNSHIP,Showing search results: 8 records,8
1010,MERCER,CAMBRIDGE SPRINGS,Showing search results: 24 records,24
1011,MERCER,CAMP HILL,Showing search results: 16 records,16
1012,MERCER,CHESTER,Showing search results: 2 records,2
1013,MERCER,COAL TOWNSHIP,Showing search results: 3 records,3
1014,MERCER,DALLAS,Showing search results: 4 records,4
1015,MERCER,FAYETTE,Showing search results: 27 records,27
1016,MERCER,FOREST,Showing search results: 41 records,41
1017,MERCER,FRACKVILLE,Showing search results: 1 records,1
1018,MERCER,GREENE,Showing search results: 23 records,23
1019,MERCER,HOUTZDALE,Showing search results: 13 records,13
1020,MERCER,HUNTINGDON,Showing search results: 10 records,10
1021,MERCER,LAUREL HIGHLANDS,Showing search results: 4 records,4
1022,MERCER,MAHANOY,Showing search results: 1 records,1
1023,MERCER,MERCER,Showing search results: 42 records,42
1024,MERCER,MUNCY,Showing search results: 5 records,5
1025,MERCER,PHOENIX,Showing search results: 5 records,5
1026,MERCER,PINE GROVE,Showing search results: 8 records,8
1027,MERCER,QUEHANNA BOOT CAMP,Showing search results: 3 records,3
1028,MERCER,ROCKVIEW,Showing search results: 5 records,5
1029,MERCER,SMITHFIELD,Showing search results: 19 records,19
1030,MERCER,SOMERSET,Showing search results: 14 records,14
1031,MERCER,WAYMART,Showing search results: 2 records,2
1032,MIFFLIN,ALBION,Showing search results: 3 records,3
1033,MIFFLIN,BENNER TOWNSHIP,Showing search results: 13 records,13
1034,MIFFLIN,CAMBRIDGE SPRINGS,Showing search results: 6 records,6
1035,MIFFLIN,CAMP HILL,Showing search results: 9 records,9
1036,MIFFLIN,CHESTER,Showing search results: 4 records,4
1037,MIFFLIN,COAL TOWNSHIP,Showing search results: 1 records,1
1038,MIFFLIN,DALLAS,Showing search results: no results found,0
1039,MIFFLIN,FAYETTE,Showing search results: 4 records,4
1040,MIFFLIN,FOREST,Showing search results: 9 records,9
1041,MIFFLIN,FRACKVILLE,Showing search results: no results found,0
1042,MIFFLIN,GREENE,Showing search results: 3 records,3
1043,MIFFLIN,HOUTZDALE,Showing search results: 11 records,11
1044,MIFFLIN,HUNTINGDON,Showing search results: 13 records,13
1045,MIFFLIN,LAUREL HIGHLANDS,Showing search results: 4 records,4
1046,MIFFLIN,MAHANOY,Showing search results: 2 records,2
1047,MIFFLIN,MERCER,Showing search results: 8 records,8
1048,MIFFLIN,MUNCY,Showing search results: 9 records,9
1049,MIFFLIN,PHOENIX,Showing search results: 6 records,6
1050,MIFFLIN,PINE GROVE,Showing search results: 5 records,5
1051,MIFFLIN,QUEHANNA BOOT CAMP,Showing search results: 2 records,2
1052,MIFFLIN,ROCKVIEW,Showing search results: 14 records,14
1053,MIFFLIN,SMITHFIELD,Showing search results: 11 records,11
1054,MIFFLIN,SOMERSET,Showing search results: 2 records,2
1055,MIFFLIN,WAYMART,Showing search results: 1 records,1
1056,MONROE,ALBION,Showing search results: 15 records,15
1057,MONROE,BENNER TOWNSHIP,Showing search results: 32 records,32
1058,MONROE,CAMBRIDGE SPRINGS,Showing search results: 14 records,14
1059,MONROE,CAMP HILL,Showing search results: 11 records,11
1060,MONROE,CHESTER,Showing search results: 11 records,11
1061,MONROE,COAL TOWNSHIP,Showing search results: 26 records,26
1062,MONROE,DALLAS,Showing search results: 28 records,28
1063,MONROE,FAYETTE,Showing search results: 15 records,15
1064,MONROE,FOREST,Showing search results: 23 records,23
1065,MONROE,FRACKVILLE,Showing search results: 11 records,11
1066,MONROE,GREENE,Showing search results: 12 records,12
1067,MONROE,HOUTZDALE,Showing search results: 23 records,23
1068,MONROE,HUNTINGDON,Showing search results: 10 records,10
1069,MONROE,LAUREL HIGHLANDS,Showing search results: 10 records,10
1070,MONROE,MAHANOY,Showing search results: 26 records,26
1071,MONROE,MERCER,Showing search results: 11 records,11
1072,MONROE,MUNCY,Showing search results: 17 records,17
1073,MONROE,PHOENIX,Showing search results: 28 records,28
1074,MONROE,PINE GROVE,Showing search results: 3 records,3
1075,MONROE,QUEHANNA BOOT CAMP,Showing search results: 10 records,10
1076,MONROE,ROCKVIEW,Showing search results: 18 records,18
1077,MONROE,SMITHFIELD,Showing search results: 8 records,8
1078,MONROE,SOMERSET,Showing search results: 7 records,7
1079,MONROE,WAYMART,Showing search results: 22 records,22
1080,MONTGOMERY,ALBION,Showing search results: 48 records,48
1081,MONTGOMERY,BENNER TOWNSHIP,Showing search results: 78 records,78
1082,MONTGOMERY,CAMBRIDGE SPRINGS,Showing search results: 29 records,29
1083,MONTGOMERY,CAMP HILL,Showing search results: 54 records,54
1084,MONTGOMERY,CHESTER,Showing search results: 41 records,41
1085,MONTGOMERY,COAL TOWNSHIP,Showing search results: 79 records,79
1086,MONTGOMERY,DALLAS,Showing search results: 54 records,54
1087,MONTGOMERY,FAYETTE,Showing search results: 40 records,40
1088,MONTGOMERY,FOREST,Showing search results: 55 records,55
1089,MONTGOMERY,FRACKVILLE,Showing search results: 36 records,36
1090,MONTGOMERY,GREENE,Showing search results: 31 records,31
1091,MONTGOMERY,HOUTZDALE,Showing search results: 75 records,75
1092,MONTGOMERY,HUNTINGDON,Showing search results: 47 records,47
1093,MONTGOMERY,LAUREL HIGHLANDS,Showing search results: 17 records,17
1094,MONTGOMERY,MAHANOY,Showing search results: 96 records,96
1095,MONTGOMERY,MERCER,Showing search results: 18 records,18
1096,MONTGOMERY,MUNCY,Showing search results: 35 records,35
1097,MONTGOMERY,PHOENIX,Showing search results: 161 records,161
1098,MONTGOMERY,PINE GROVE,Showing search results: 29 records,29
1099,MONTGOMERY,QUEHANNA BOOT CAMP,Showing search results: 6 records,6
1100,MONTGOMERY,ROCKVIEW,Showing search results: 71 records,71
1101,MONTGOMERY,SMITHFIELD,Showing search results: 26 records,26
1102,MONTGOMERY,SOMERSET,Showing search results: 48 records,48
1103,MONTGOMERY,WAYMART,Showing search results: 65 records,65
1104,MONTOUR,ALBION,Showing search results: 1 records,1
1105,MONTOUR,BENNER TOWNSHIP,Showing search results: 3 records,3
1106,MONTOUR,CAMBRIDGE SPRINGS,Showing search results: 2 records,2
1107,MONTOUR,CAMP HILL,Showing search results: no results found,0
1108,MONTOUR,CHESTER,Showing search results: 2 records,2
1109,MONTOUR,COAL TOWNSHIP,Showing search results: 1 records,1
1110,MONTOUR,DALLAS,Showing search results: 1 records,1
1111,MONTOUR,FAYETTE,Showing search results: no results found,0
1112,MONTOUR,FOREST,Showing search results: 2 records,2
1113,MONTOUR,FRACKVILLE,Showing search results: no results found,0
1114,MONTOUR,GREENE,Showing search results: 1 records,1
1115,MONTOUR,HOUTZDALE,Showing search results: 5 records,5
1116,MONTOUR,HUNTINGDON,Showing search results: 1 records,1
1117,MONTOUR,LAUREL HIGHLANDS,Showing search results: 2 records,2
1118,MONTOUR,MAHANOY,Showing search results: 1 records,1
1119,MONTOUR,MERCER,Showing search results: 1 records,1
1120,MONTOUR,MUNCY,Showing search results: 5 records,5
1121,MONTOUR,PHOENIX,Showing search results: 5 records,5
1122,MONTOUR,PINE GROVE,Showing search results: 2 records,2
1123,MONTOUR,QUEHANNA BOOT CAMP,Showing search results: no results found,0
1124,MONTOUR,ROCKVIEW,Showing search results: 1 records,1
1125,MONTOUR,SMITHFIELD,Showing search results: no results found,0
1126,MONTOUR,SOMERSET,Showing search results: no results found,0
1127,MONTOUR,WAYMART,Showing search results: 2 records,2
1128,NORTHAMPTON,ALBION,Showing search results: 15 records,15
1129,NORTHAMPTON,BENNER TOWNSHIP,Showing search results: 45 records,45
1130,NORTHAMPTON,CAMBRIDGE SPRINGS,Showing search results: 12 records,12
1131,NORTHAMPTON,CAMP HILL,Showing search results: 46 records,46
1132,NORTHAMPTON,CHESTER,Showing search results: 12 records,12
1133,NORTHAMPTON,COAL TOWNSHIP,Showing search results: 31 records,31
1134,NORTHAMPTON,DALLAS,Showing search results: 53 records,53
1135,NORTHAMPTON,FAYETTE,Showing search results: 16 records,16
1136,NORTHAMPTON,FOREST,Showing search results: 24 records,24
1137,NORTHAMPTON,FRACKVILLE,Showing search results: 26 records,26
1138,NORTHAMPTON,GREENE,Showing search results: 15 records,15
1139,NORTHAMPTON,HOUTZDALE,Showing search results: 33 records,33
1140,NORTHAMPTON,HUNTINGDON,Showing search results: 20 records,20
1141,NORTHAMPTON,LAUREL HIGHLANDS,Showing search results: 10 records,10
1142,NORTHAMPTON,MAHANOY,Showing search results: 50 records,50
1143,NORTHAMPTON,MERCER,Showing search results: 6 records,6
1144,NORTHAMPTON,MUNCY,Showing search results: 16 records,16
1145,NORTHAMPTON,PHOENIX,Showing search results: 41 records,41
1146,NORTHAMPTON,PINE GROVE,Showing search results: 11 records,11
1147,NORTHAMPTON,QUEHANNA BOOT CAMP,Showing search results: 3 records,3
1148,NORTHAMPTON,ROCKVIEW,Showing search results: 25 records,25
1149,NORTHAMPTON,SMITHFIELD,Showing search results: 6 records,6
1150,NORTHAMPTON,SOMERSET,Showing search results: 20 records,20
1151,NORTHAMPTON,WAYMART,Showing search results: 26 records,26
1152,NORTHUMBERLAND,ALBION,Showing search results: 3 records,3
1153,NORTHUMBERLAND,BENNER TOWNSHIP,Showing search results: 13 records,13
1154,NORTHUMBERLAND,CAMBRIDGE SPRINGS,Showing search results: 6 records,6
1155,NORTHUMBERLAND,CAMP HILL,Showing search results: 8 records,8
1156,NORTHUMBERLAND,CHESTER,Showing search results: 6 records,6
1157,NORTHUMBERLAND,COAL TOWNSHIP,Showing search results: 27 records,27
1158,NORTHUMBERLAND,DALLAS,Showing search results: 6 records,6
1159,NORTHUMBERLAND,FAYETTE,Showing search results: 2 records,2
1160,NORTHUMBERLAND,FOREST,Showing search results: 9 records,9
1161,NORTHUMBERLAND,FRACKVILLE,Showing search results: 3 records,3
1162,NORTHUMBERLAND,GREENE,Showing search results: 3 records,3
1163,NORTHUMBERLAND,HOUTZDALE,Showing search results: 10 records,10
1164,NORTHUMBERLAND,HUNTINGDON,Showing search results: 9 records,9
1165,NORTHUMBERLAND,LAUREL HIGHLANDS,Showing search results: 3 records,3
1166,NORTHUMBERLAND,MAHANOY,Showing search results: 19 records,19
1167,NORTHUMBERLAND,MERCER,Showing search results: 3 records,3
1168,NORTHUMBERLAND,MUNCY,Showing search results: 12 records,12
1169,NORTHUMBERLAND,PHOENIX,Showing search results: 12 records,12
1170,NORTHUMBERLAND,PINE GROVE,Showing search results: 1 records,1
1171,NORTHUMBERLAND,QUEHANNA BOOT CAMP,Showing search results: 4 records,4
1172,NORTHUMBERLAND,ROCKVIEW,Showing search results: 13 records,13
1173,NORTHUMBERLAND,SMITHFIELD,Showing search results: 8 records,8
1174,NORTHUMBERLAND,SOMERSET,Showing search results: 4 records,4
1175,NORTHUMBERLAND,WAYMART,Showing search results: 5 records,5
1176,OUT OF STATE,ALBION,Showing search results: 8 records,8
1177,OUT OF STATE,BENNER TOWNSHIP,Showing search results: 7 records,7
1178,OUT OF STATE,CAMBRIDGE SPRINGS,Showing search results: 1 records,1
1179,OUT OF STATE,CAMP HILL,Showing search results: 7 records,7
1180,OUT OF STATE,CHESTER,Showing search results: 3 records,3
1181,OUT OF STATE,COAL TOWNSHIP,Showing search results: 10 records,10
1182,OUT OF STATE,DALLAS,Showing search results: no results found,0
1183,OUT OF STATE,FAYETTE,Showing search results: 4 records,4
1184,OUT OF STATE,FOREST,Showing search results: 3 records,3
1185,OUT OF STATE,FRACKVILLE,Showing search results: 6 records,6
1186,OUT OF STATE,GREENE,Showing search results: 9 records,9
1187,OUT OF STATE,HOUTZDALE,Showing search results: 10 records,10
1188,OUT OF STATE,HUNTINGDON,Showing search results: 7 records,7
1189,OUT OF STATE,LAUREL HIGHLANDS,Showing search results: 1 records,1
1190,OUT OF STATE,MAHANOY,Showing search results: 4 records,4
1191,OUT OF STATE,MERCER,Showing search results: 2 records,2
1192,OUT OF STATE,MUNCY,Showing search results: 6 records,6
1193,OUT OF STATE,PHOENIX,Showing search results: 4 records,4
1194,OUT OF STATE,PINE GROVE,Showing search results: 2 records,2
1195,OUT OF STATE,QUEHANNA BOOT CAMP,Showing search results: no results found,0
1196,OUT OF STATE,ROCKVIEW,Showing search results: 2 records,2
1197,OUT OF STATE,SMITHFIELD,Showing search results: 6 records,6
1198,OUT OF STATE,SOMERSET,Showing search results: 5 records,5
1199,OUT OF STATE,WAYMART,Showing search results: 2 records,2
1200,PERRY,ALBION,Showing search results: 3 records,3
1201,PERRY,BENNER TOWNSHIP,Showing search results: 5 records,5
1202,PERRY,CAMBRIDGE SPRINGS,Showing search results: 2 records,2
1203,PERRY,CAMP HILL,Showing search results: 9 records,9
1204,PERRY,CHESTER,Showing search results: 6 records,6
1205,PERRY,COAL TOWNSHIP,Showing search results: 8 records,8
1206,PERRY,DALLAS,Showing search results: 3 records,3
1207,PERRY,FAYETTE,Showing search results: 3 records,3
1208,PERRY,FOREST,Showing search results: 6 records,6
1209,PERRY,FRACKVILLE,Showing search results: 1 records,1
1210,PERRY,GREENE,Showing search results: 5 records,5
1211,PERRY,HOUTZDALE,Showing search results: 9 records,9
1212,PERRY,HUNTINGDON,Showing search results: 3 records,3
1213,PERRY,LAUREL HIGHLANDS,Showing search results: 4 records,4
1214,PERRY,MAHANOY,Showing search results: 4 records,4
1215,PERRY,MERCER,Showing search results: 8 records,8
1216,PERRY,MUNCY,Showing search results: 4 records,4
1217,PERRY,PHOENIX,Showing search results: 7 records,7
1218,PERRY,PINE GROVE,Showing search results: 1 records,1
1219,PERRY,QUEHANNA BOOT CAMP,Showing search results: 1 records,1
1220,PERRY,ROCKVIEW,Showing search results: 10 records,10
1221,PERRY,SMITHFIELD,Showing search results: 4 records,4
1222,PERRY,SOMERSET,Showing search results: 8 records,8
1223,PERRY,WAYMART,Showing search results: 1 records,1
1224,PHILADELPHIA,ALBION,Showing search results: 381 records,381
1225,PHILADELPHIA,BENNER TOWNSHIP,Showing search results: 430 records,430
1226,PHILADELPHIA,CAMBRIDGE SPRINGS,Showing search results: 104 records,104
1227,PHILADELPHIA,CAMP HILL,Showing search results: 348 records,348
1228,PHILADELPHIA,CHESTER,Showing search results: 290 records,290
1229,PHILADELPHIA,COAL TOWNSHIP,Showing maximum 500 of search results: 630 records,630
1230,PHILADELPHIA,DALLAS,Showing maximum 500 of search results: 610 records,610
1231,PHILADELPHIA,FAYETTE,Showing search results: 400 records,400
1232,PHILADELPHIA,FOREST,Showing maximum 500 of search results: 601 records,601
1233,PHILADELPHIA,FRACKVILLE,Showing search results: 390 records,390
1234,PHILADELPHIA,GREENE,Showing search results: 359 records,359
1235,PHILADELPHIA,HOUTZDALE,Showing maximum 500 of search results: 569 records,569
1236,PHILADELPHIA,HUNTINGDON,Showing maximum 500 of search results: 576 records,576
1237,PHILADELPHIA,LAUREL HIGHLANDS,Showing search results: 132 records,132
1238,PHILADELPHIA,MAHANOY,Showing maximum 500 of search results: 734 records,734
1239,PHILADELPHIA,MERCER,Showing search results: 88 records,88
1240,PHILADELPHIA,MUNCY,Showing search results: 153 records,153
1241,PHILADELPHIA,PHOENIX,Showing maximum 500 of search results: 1330 records,1330
1242,PHILADELPHIA,PINE GROVE,Showing search results: 159 records,159
1243,PHILADELPHIA,QUEHANNA BOOT CAMP,Showing search results: 17 records,17
1244,PHILADELPHIA,ROCKVIEW,Showing search results: 416 records,416
1245,PHILADELPHIA,SMITHFIELD,Showing search results: 168 records,168
1246,PHILADELPHIA,SOMERSET,Showing maximum 500 of search results: 548 records,548
1247,PHILADELPHIA,WAYMART,Showing search results: 183 records,183
1248,PIKE,ALBION,Showing search results: 6 records,6
1249,PIKE,BENNER TOWNSHIP,Showing search results: 2 records,2
1250,PIKE,CAMBRIDGE SPRINGS,Showing search results: 3 records,3
1251,PIKE,CAMP HILL,Showing search results: 13 records,13
1252,PIKE,CHESTER,Showing search results: 2 records,2
1253,PIKE,COAL TOWNSHIP,Showing search results: 4 records,4
1254,PIKE,DALLAS,Showing search results: 15 records,15
1255,PIKE,FAYETTE,Showing search results: 3 records,3
1256,PIKE,FOREST,Showing search results: 2 records,2
1257,PIKE,FRACKVILLE,Showing search results: 3 records,3
1258,PIKE,GREENE,Showing search results: 3 records,3
1259,PIKE,HOUTZDALE,Showing search results: 3 records,3
1260,PIKE,HUNTINGDON,Showing search results: 6 records,6
1261,PIKE,LAUREL HIGHLANDS,Showing search results: 2 records,2
1262,PIKE,MAHANOY,Showing search results: 6 records,6
1263,PIKE,MERCER,Showing search results: no results found,0
1264,PIKE,MUNCY,Showing search results: 6 records,6
1265,PIKE,PHOENIX,Showing search results: 11 records,11
1266,PIKE,PINE GROVE,Showing search results: 1 records,1
1267,PIKE,QUEHANNA BOOT CAMP,Showing search results: no results found,0
1268,PIKE,ROCKVIEW,Showing search results: 4 records,4
1269,PIKE,SMITHFIELD,Showing search results: 12 records,12
1270,PIKE,SOMERSET,Showing search results: 5 records,5
1271,PIKE,WAYMART,Showing search results: 12 records,12
1272,POTTER,ALBION,Showing search results: 5 records,5
1273,POTTER,BENNER TOWNSHIP,Showing search results: 3 records,3
1274,POTTER,CAMBRIDGE SPRINGS,Showing search results: 4 records,4
1275,POTTER,CAMP HILL,Showing search results: 4 records,4
1276,POTTER,CHESTER,Showing search results: 2 records,2
1277,POTTER,COAL TOWNSHIP,Showing search results: 4 records,4
1278,POTTER,DALLAS,Showing search results: no results found,0
1279,POTTER,FAYETTE,Showing search results: 4 records,4
1280,POTTER,FOREST,Showing search results: 13 records,13
1281,POTTER,FRACKVILLE,Showing search results: 3 records,3
1282,POTTER,GREENE,Showing search results: no results found,0
1283,POTTER,HOUTZDALE,Showing search results: 5 records,5
1284,POTTER,HUNTINGDON,Showing search results: 3 records,3
1285,POTTER,LAUREL HIGHLANDS,Showing search results: no results found,0
1286,POTTER,MAHANOY,Showing search results: 1 records,1
1287,POTTER,MERCER,Showing search results: 1 records,1
1288,POTTER,MUNCY,Showing search results: 5 records,5
1289,POTTER,PHOENIX,Showing search results: 1 records,1
1290,POTTER,PINE GROVE,Showing search results: 3 records,3
1291,POTTER,QUEHANNA BOOT CAMP,Showing search results: 1 records,1
1292,POTTER,ROCKVIEW,Showing search results: 5 records,5
1293,POTTER,SMITHFIELD,Showing search results: 7 records,7
1294,POTTER,SOMERSET,Showing search results: 3 records,3
1295,POTTER,WAYMART,Showing search results: no results found,0
1296,SCHUYLKILL,ALBION,Showing search results: 9 records,9
1297,SCHUYLKILL,BENNER TOWNSHIP,Showing search results: 11 records,11
1298,SCHUYLKILL,CAMBRIDGE SPRINGS,Showing search results: 11 records,11
1299,SCHUYLKILL,CAMP HILL,Showing search results: 40 records,40
1300,SCHUYLKILL,CHESTER,Showing search results: 24 records,24
1301,SCHUYLKILL,COAL TOWNSHIP,Showing search results: 40 records,40
1302,SCHUYLKILL,DALLAS,Showing search results: 23 records,23
1303,SCHUYLKILL,FAYETTE,Showing search results: 12 records,12
1304,SCHUYLKILL,FOREST,Showing search results: 17 records,17
1305,SCHUYLKILL,FRACKVILLE,Showing search results: 13 records,13
1306,SCHUYLKILL,GREENE,Showing search results: 7 records,7
1307,SCHUYLKILL,HOUTZDALE,Showing search results: 27 records,27
1308,SCHUYLKILL,HUNTINGDON,Showing search results: 11 records,11
1309,SCHUYLKILL,LAUREL HIGHLANDS,Showing search results: 6 records,6
1310,SCHUYLKILL,MAHANOY,Showing search results: 75 records,75
1311,SCHUYLKILL,MERCER,Showing search results: 4 records,4
1312,SCHUYLKILL,MUNCY,Showing search results: 20 records,20
1313,SCHUYLKILL,PHOENIX,Showing search results: 22 records,22
1314,SCHUYLKILL,PINE GROVE,Showing search results: 6 records,6
1315,SCHUYLKILL,QUEHANNA BOOT CAMP,Showing search results: 7 records,7
1316,SCHUYLKILL,ROCKVIEW,Showing search results: 17 records,17
1317,SCHUYLKILL,SMITHFIELD,Showing search results: 12 records,12
1318,SCHUYLKILL,SOMERSET,Showing search results: 6 records,6
1319,SCHUYLKILL,WAYMART,Showing search results: 10 records,10
1320,SNYDER,ALBION,Showing search results: 3 records,3
1321,SNYDER,BENNER TOWNSHIP,Showing search results: 8 records,8
1322,SNYDER,CAMBRIDGE SPRINGS,Showing search results: 7 records,7
1323,SNYDER,CAMP HILL,Showing search results: 20 records,20
1324,SNYDER,CHESTER,Showing search results: 6 records,6
1325,SNYDER,COAL TOWNSHIP,Showing search results: 19 records,19
1326,SNYDER,DALLAS,Showing search results: 3 records,3
1327,SNYDER,FAYETTE,Showing search results: 4 records,4
1328,SNYDER,FOREST,Showing search results: 5 records,5
1329,SNYDER,FRACKVILLE,Showing search results: 1 records,1
1330,SNYDER,GREENE,Showing search results: 2 records,2
1331,SNYDER,HOUTZDALE,Showing search results: 8 records,8
1332,SNYDER,HUNTINGDON,Showing search results: 9 records,9
1333,SNYDER,LAUREL HIGHLANDS,Showing search results: 3 records,3
1334,SNYDER,MAHANOY,Showing search results: 6 records,6
1335,SNYDER,MERCER,Showing search results: 2 records,2
1336,SNYDER,MUNCY,Showing search results: 15 records,15
1337,SNYDER,PHOENIX,Showing search results: 11 records,11
1338,SNYDER,PINE GROVE,Showing search results: 1 records,1
1339,SNYDER,QUEHANNA BOOT CAMP,Showing search results: 5 records,5
1340,SNYDER,ROCKVIEW,Showing search results: 7 records,7
1341,SNYDER,SMITHFIELD,Showing search results: 1 records,1
1342,SNYDER,SOMERSET,Showing search results: 3 records,3
1343,SNYDER,WAYMART,Showing search results: 1 records,1
1344,SOMERSET,ALBION,Showing search results: 7 records,7
1345,SOMERSET,BENNER TOWNSHIP,Showing search results: 5 records,5
1346,SOMERSET,CAMBRIDGE SPRINGS,Showing search results: 8 records,8
1347,SOMERSET,CAMP HILL,Showing search results: 14 records,14
1348,SOMERSET,CHESTER,Showing search results: 7 records,7
1349,SOMERSET,COAL TOWNSHIP,Showing search results: 3 records,3
1350,SOMERSET,DALLAS,Showing search results: 2 records,2
1351,SOMERSET,FAYETTE,Showing search results: 12 records,12
1352,SOMERSET,FOREST,Showing search results: 3 records,3
1353,SOMERSET,FRACKVILLE,Showing search results: 1 records,1
1354,SOMERSET,GREENE,Showing search results: 10 records,10
1355,SOMERSET,HOUTZDALE,Showing search results: 12 records,12
1356,SOMERSET,HUNTINGDON,Showing search results: 7 records,7
1357,SOMERSET,LAUREL HIGHLANDS,Showing search results: 5 records,5
1358,SOMERSET,MAHANOY,Showing search results: 4 records,4
1359,SOMERSET,MERCER,Showing search results: 7 records,7
1360,SOMERSET,MUNCY,Showing search results: 3 records,3
1361,SOMERSET,PHOENIX,Showing search results: 2 records,2
1362,SOMERSET,PINE GROVE,Showing search results: 4 records,4
1363,SOMERSET,QUEHANNA BOOT CAMP,Showing search results: 1 records,1
1364,SOMERSET,ROCKVIEW,Showing search results: 7 records,7
1365,SOMERSET,SMITHFIELD,Showing search results: 4 records,4
1366,SOMERSET,SOMERSET,Showing search results: 19 records,19
1367,SOMERSET,WAYMART,Showing search results: no results found,0
1368,SULLIVAN,ALBION,Showing search results: no results found,0
1369,SULLIVAN,BENNER TOWNSHIP,Showing search results: 2 records,2
1370,SULLIVAN,CAMBRIDGE SPRINGS,Showing search results: no results found,0
1371,SULLIVAN,CAMP HILL,Showing search results: 3 records,3
1372,SULLIVAN,CHESTER,Showing search results: no results found,0
1373,SULLIVAN,COAL TOWNSHIP,Showing search results: 2 records,2
1374,SULLIVAN,DALLAS,Showing search results: no results found,0
1375,SULLIVAN,FAYETTE,Showing search results: no results found,0
1376,SULLIVAN,FOREST,Showing search results: no results found,0
1377,SULLIVAN,FRACKVILLE,Showing search results: no results found,0
1378,SULLIVAN,GREENE,Showing search results: no results found,0
1379,SULLIVAN,HOUTZDALE,Showing search results: 1 records,1
1380,SULLIVAN,HUNTINGDON,Showing search results: no results found,0
1381,SULLIVAN,LAUREL HIGHLANDS,Showing search results: no results found,0
1382,SULLIVAN,MAHANOY,Showing search results: 1 records,1
1383,SULLIVAN,MERCER,Showing search results: no results found,0
1384,SULLIVAN,MUNCY,Showing search results: no results found,0
1385,SULLIVAN,PHOENIX,Showing search results: no results found,0
1386,SULLIVAN,PINE GROVE,Showing search results: 1 records,1
1387,SULLIVAN,QUEHANNA BOOT CAMP,Showing search results: no results found,0
1388,SULLIVAN,ROCKVIEW,Showing search results: 2 records,2
1389,SULLIVAN,SMITHFIELD,Showing search results: 1 records,1
1390,SULLIVAN,SOMERSET,Showing search results: no results found,0
1391,SULLIVAN,WAYMART,Showing search results: no results found,0
1392,SUSQUEHANNA,ALBION,Showing search results: 3 records,3
1393,SUSQUEHANNA,BENNER TOWNSHIP,Showing search results: 4 records,4
1394,SUSQUEHANNA,CAMBRIDGE SPRINGS,Showing search results: 1 records,1
1395,SUSQUEHANNA,CAMP HILL,Showing search results: 5 records,5
1396,SUSQUEHANNA,CHESTER,Showing search results: 2 records,2
1397,SUSQUEHANNA,COAL TOWNSHIP,Showing search results: 5 records,5
1398,SUSQUEHANNA,DALLAS,Showing search results: 5 records,5
1399,SUSQUEHANNA,FAYETTE,Showing search results: 2 records,2
1400,SUSQUEHANNA,FOREST,Showing search results: 5 records,5
1401,SUSQUEHANNA,FRACKVILLE,Showing search results: no results found,0
1402,SUSQUEHANNA,GREENE,Showing search results: 1 records,1
1403,SUSQUEHANNA,HOUTZDALE,Showing search results: 6 records,6
1404,SUSQUEHANNA,HUNTINGDON,Showing search results: no results found,0
1405,SUSQUEHANNA,LAUREL HIGHLANDS,Showing search results: 1 records,1
1406,SUSQUEHANNA,MAHANOY,Showing search results: 3 records,3
1407,SUSQUEHANNA,MERCER,Showing search results: 1 records,1
1408,SUSQUEHANNA,MUNCY,Showing search results: 4 records,4
1409,SUSQUEHANNA,PHOENIX,Showing search results: no results found,0
1410,SUSQUEHANNA,PINE GROVE,Showing search results: 1 records,1
1411,SUSQUEHANNA,QUEHANNA BOOT CAMP,Showing search results: no results found,0
1412,SUSQUEHANNA,ROCKVIEW,Showing search results: 2 records,2
1413,SUSQUEHANNA,SMITHFIELD,Showing search results: 4 records,4
1414,SUSQUEHANNA,SOMERSET,Showing search results: 2 records,2
1415,SUSQUEHANNA,WAYMART,Showing search results: 1 records,1
1416,TIOGA,ALBION,Showing search results: 3 records,3
1417,TIOGA,BENNER TOWNSHIP,Showing search results: 8 records,8
1418,TIOGA,CAMBRIDGE SPRINGS,Showing search results: 3 records,3
1419,TIOGA,CAMP HILL,Showing search results: 6 records,6
1420,TIOGA,CHESTER,Showing search results: 2 records,2
1421,TIOGA,COAL TOWNSHIP,Showing search results: 7 records,7
1422,TIOGA,DALLAS,Showing search results: 1 records,1
1423,TIOGA,FAYETTE,Showing search results: no results found,0
1424,TIOGA,FOREST,Showing search results: 8 records,8
1425,TIOGA,FRACKVILLE,Showing search results: 1 records,1
1426,TIOGA,GREENE,Showing search results: 1 records,1
1427,TIOGA,HOUTZDALE,Showing search results: 4 records,4
1428,TIOGA,HUNTINGDON,Showing search results: 1 records,1
1429,TIOGA,LAUREL HIGHLANDS,Showing search results: 2 records,2
1430,TIOGA,MAHANOY,Showing search results: 4 records,4
1431,TIOGA,MERCER,Showing search results: 4 records,4
1432,TIOGA,MUNCY,Showing search results: 2 records,2
1433,TIOGA,PHOENIX,Showing search results: 3 records,3
1434,TIOGA,PINE GROVE,Showing search results: 1 records,1
1435,TIOGA,QUEHANNA BOOT CAMP,Showing search results: 1 records,1
1436,TIOGA,ROCKVIEW,Showing search results: 3 records,3
1437,TIOGA,SMITHFIELD,Showing search results: 6 records,6
1438,TIOGA,SOMERSET,Showing search results: 1 records,1
1439,TIOGA,WAYMART,Showing search results: 3 records,3
1440,UNION,ALBION,Showing search results: 5 records,5
1441,UNION,BENNER TOWNSHIP,Showing search results: 15 records,15
1442,UNION,CAMBRIDGE SPRINGS,Showing search results: 5 records,5
1443,UNION,CAMP HILL,Showing search results: 3 records,3
1444,UNION,CHESTER,Showing search results: 4 records,4
1445,UNION,COAL TOWNSHIP,Showing search results: 11 records,11
1446,UNION,DALLAS,Showing search results: 2 records,2
1447,UNION,FAYETTE,Showing search results: 4 records,4
1448,UNION,FOREST,Showing search results: 5 records,5
1449,UNION,FRACKVILLE,Showing search results: 2 records,2
1450,UNION,GREENE,Showing search results: 1 records,1
1451,UNION,HOUTZDALE,Showing search results: 9 records,9
1452,UNION,HUNTINGDON,Showing search results: 1 records,1
1453,UNION,LAUREL HIGHLANDS,Showing search results: 2 records,2
1454,UNION,MAHANOY,Showing search results: 2 records,2
1455,UNION,MERCER,Showing search results: 2 records,2
1456,UNION,MUNCY,Showing search results: 6 records,6
1457,UNION,PHOENIX,Showing search results: 1 records,1
1458,UNION,PINE GROVE,Showing search results: 3 records,3
1459,UNION,QUEHANNA BOOT CAMP,Showing search results: 1 records,1
1460,UNION,ROCKVIEW,Showing search results: 5 records,5
1461,UNION,SMITHFIELD,Showing search results: 7 records,7
1462,UNION,SOMERSET,Showing search results: 5 records,5
1463,UNION,WAYMART,Showing search results: 4 records,4
1464,VENANGO,ALBION,Showing search results: 37 records,37
1465,VENANGO,BENNER TOWNSHIP,Showing search results: 10 records,10
1466,VENANGO,CAMBRIDGE SPRINGS,Showing search results: 28 records,28
1467,VENANGO,CAMP HILL,Showing search results: 15 records,15
1468,VENANGO,CHESTER,Showing search results: 9 records,9
1469,VENANGO,COAL TOWNSHIP,Showing search results: 3 records,3
1470,VENANGO,DALLAS,Showing search results: 2 records,2
1471,VENANGO,FAYETTE,Showing search results: 15 records,15
1472,VENANGO,FOREST,Showing search results: 42 records,42
1473,VENANGO,FRACKVILLE,Showing search results: 2 records,2
1474,VENANGO,GREENE,Showing search results: 22 records,22
1475,VENANGO,HOUTZDALE,Showing search results: 15 records,15
1476,VENANGO,HUNTINGDON,Showing search results: 3 records,3
1477,VENANGO,LAUREL HIGHLANDS,Showing search results: 9 records,9
1478,VENANGO,MAHANOY,Showing search results: 2 records,2
1479,VENANGO,MERCER,Showing search results: 39 records,39
1480,VENANGO,MUNCY,Showing search results: 5 records,5
1481,VENANGO,PHOENIX,Showing search results: 5 records,5
1482,VENANGO,PINE GROVE,Showing search results: 5 records,5
1483,VENANGO,QUEHANNA BOOT CAMP,Showing search results: 6 records,6
1484,VENANGO,ROCKVIEW,Showing search results: 6 records,6
1485,VENANGO,SMITHFIELD,Showing search results: 3 records,3
1486,VENANGO,SOMERSET,Showing search results: 8 records,8
1487,VENANGO,WAYMART,Showing search results: 4 records,4
1488,WARREN,ALBION,Showing search results: 24 records,24
1489,WARREN,BENNER TOWNSHIP,Showing search results: 4 records,4
1490,WARREN,CAMBRIDGE SPRINGS,Showing search results: 9 records,9
1491,WARREN,CAMP HILL,Showing search results: 20 records,20
1492,WARREN,CHESTER,Showing search results: 1 records,1
1493,WARREN,COAL TOWNSHIP,Showing search results: 2 records,2
1494,WARREN,DALLAS,Showing search results: no results found,0
1495,WARREN,FAYETTE,Showing search results: 9 records,9
1496,WARREN,FOREST,Showing search results: 36 records,36
1497,WARREN,FRACKVILLE,Showing search results: 1 records,1
1498,WARREN,GREENE,Showing search results: 15 records,15
1499,WARREN,HOUTZDALE,Showing search results: 15 records,15
1500,WARREN,HUNTINGDON,Showing search results: 4 records,4
1501,WARREN,LAUREL HIGHLANDS,Showing search results: 3 records,3
1502,WARREN,MAHANOY,Showing search results: 2 records,2
1503,WARREN,MERCER,Showing search results: 13 records,13
1504,WARREN,MUNCY,Showing search results: 7 records,7
1505,WARREN,PHOENIX,Showing search results: 4 records,4
1506,WARREN,PINE GROVE,Showing search results: 3 records,3
1507,WARREN,QUEHANNA BOOT CAMP,Showing search results: 4 records,4
1508,WARREN,ROCKVIEW,Showing search results: 2 records,2
1509,WARREN,SMITHFIELD,Showing search results: 10 records,10
1510,WARREN,SOMERSET,Showing search results: 7 records,7
1511,WARREN,WAYMART,Showing search results: no results found,0
1512,WASHINGTON,ALBION,Showing search results: 33 records,33
1513,WASHINGTON,BENNER TOWNSHIP,Showing search results: 8 records,8
1514,WASHINGTON,CAMBRIDGE SPRINGS,Showing search results: 20 records,20
1515,WASHINGTON,CAMP HILL,Showing search results: 23 records,23
1516,WASHINGTON,CHESTER,Showing search results: 7 records,7
1517,WASHINGTON,COAL TOWNSHIP,Showing search results: 4 records,4
1518,WASHINGTON,DALLAS,Showing search results: 1 records,1
1519,WASHINGTON,FAYETTE,Showing search results: 64 records,64
1520,WASHINGTON,FOREST,Showing search results: 20 records,20
1521,WASHINGTON,FRACKVILLE,Showing search results: 4 records,4
1522,WASHINGTON,GREENE,Showing search results: 48 records,48
1523,WASHINGTON,HOUTZDALE,Showing search results: 22 records,22
1524,WASHINGTON,HUNTINGDON,Showing search results: 14 records,14
1525,WASHINGTON,LAUREL HIGHLANDS,Showing search results: 20 records,20
1526,WASHINGTON,MAHANOY,Showing search results: 7 records,7
1527,WASHINGTON,MERCER,Showing search results: 24 records,24
1528,WASHINGTON,MUNCY,Showing search results: 12 records,12
1529,WASHINGTON,PHOENIX,Showing search results: 8 records,8
1530,WASHINGTON,PINE GROVE,Showing search results: 17 records,17
1531,WASHINGTON,QUEHANNA BOOT CAMP,Showing search results: 6 records,6
1532,WASHINGTON,ROCKVIEW,Showing search results: 9 records,9
1533,WASHINGTON,SMITHFIELD,Showing search results: 17 records,17
1534,WASHINGTON,SOMERSET,Showing search results: 34 records,34
1535,WASHINGTON,WAYMART,Showing search results: 1 records,1
1536,WAYNE,ALBION,Showing search results: 5 records,5
1537,WAYNE,BENNER TOWNSHIP,Showing search results: 11 records,11
1538,WAYNE,CAMBRIDGE SPRINGS,Showing search results: 5 records,5
1539,WAYNE,CAMP HILL,Showing search results: 3 records,3
1540,WAYNE,CHESTER,Showing search results: 4 records,4
1541,WAYNE,COAL TOWNSHIP,Showing search results: 7 records,7
1542,WAYNE,DALLAS,Showing search results: 14 records,14
1543,WAYNE,FAYETTE,Showing search results: 5 records,5
1544,WAYNE,FOREST,Showing search results: 5 records,5
1545,WAYNE,FRACKVILLE,Showing search results: 5 records,5
1546,WAYNE,GREENE,Showing search results: 7 records,7
1547,WAYNE,HOUTZDALE,Showing search results: 5 records,5
1548,WAYNE,HUNTINGDON,Showing search results: 1 records,1
1549,WAYNE,LAUREL HIGHLANDS,Showing search results: 3 records,3
1550,WAYNE,MAHANOY,Showing search results: 12 records,12
1551,WAYNE,MERCER,Showing search results: 2 records,2
1552,WAYNE,MUNCY,Showing search results: 1 records,1
1553,WAYNE,PHOENIX,Showing search results: 8 records,8
1554,WAYNE,PINE GROVE,Showing search results: 2 records,2
1555,WAYNE,QUEHANNA BOOT CAMP,Showing search results: no results found,0
1556,WAYNE,ROCKVIEW,Showing search results: 5 records,5
1557,WAYNE,SMITHFIELD,Showing search results: 8 records,8
1558,WAYNE,SOMERSET,Showing search results: 7 records,7
1559,WAYNE,WAYMART,Showing search results: 6 records,6
1560,WESTMORELAND,ALBION,Showing search results: 39 records,39
1561,WESTMORELAND,BENNER TOWNSHIP,Showing search results: 13 records,13
1562,WESTMORELAND,CAMBRIDGE SPRINGS,Showing search results: 21 records,21
1563,WESTMORELAND,CAMP HILL,Showing search results: 22 records,22
1564,WESTMORELAND,CHESTER,Showing search results: 11 records,11
1565,WESTMORELAND,COAL TOWNSHIP,Showing search results: 9 records,9
1566,WESTMORELAND,DALLAS,Showing search results: 6 records,6
1567,WESTMORELAND,FAYETTE,Showing search results: 82 records,82
1568,WESTMORELAND,FOREST,Showing search results: 24 records,24
1569,WESTMORELAND,FRACKVILLE,Showing search results: 1 records,1
1570,WESTMORELAND,GREENE,Showing search results: 58 records,58
1571,WESTMORELAND,HOUTZDALE,Showing search results: 23 records,23
1572,WESTMORELAND,HUNTINGDON,Showing search results: 12 records,12
1573,WESTMORELAND,LAUREL HIGHLANDS,Showing search results: 21 records,21
1574,WESTMORELAND,MAHANOY,Showing search results: 4 records,4
1575,WESTMORELAND,MERCER,Showing search results: 25 records,25
1576,WESTMORELAND,MUNCY,Showing search results: 19 records,19
1577,WESTMORELAND,PHOENIX,Showing search results: 13 records,13
1578,WESTMORELAND,PINE GROVE,Showing search results: 25 records,25
1579,WESTMORELAND,QUEHANNA BOOT CAMP,Showing search results: 4 records,4
1580,WESTMORELAND,ROCKVIEW,Showing search results: 6 records,6
1581,WESTMORELAND,SMITHFIELD,Showing search results: 20 records,20
1582,WESTMORELAND,SOMERSET,Showing search results: 83 records,83
1583,WESTMORELAND,WAYMART,Showing search results: 4 records,4
1584,WYOMING,ALBION,Showing search results: 6 records,6
1585,WYOMING,BENNER TOWNSHIP,Showing search results: 3 records,3
1586,WYOMING,CAMBRIDGE SPRINGS,Showing search results: 4 records,4
1587,WYOMING,CAMP HILL,Showing search results: 5 records,5
1588,WYOMING,CHESTER,Showing search results: 3 records,3
1589,WYOMING,COAL TOWNSHIP,Showing search results: 7 records,7
1590,WYOMING,DALLAS,Showing search results: 12 records,12
1591,WYOMING,FAYETTE,Showing search results: 2 records,2
1592,WYOMING,FOREST,Showing search results: 3 records,3
1593,WYOMING,FRACKVILLE,Showing search results: 4 records,4
1594,WYOMING,GREENE,Showing search results: 2 records,2
1595,WYOMING,HOUTZDALE,Showing search results: 6 records,6
1596,WYOMING,HUNTINGDON,Showing search results: 5 records,5
1597,WYOMING,LAUREL HIGHLANDS,Showing search results: 2 records,2
1598,WYOMING,MAHANOY,Showing search results: 5 records,5
1599,WYOMING,MERCER,Showing search results: 4 records,4
1600,WYOMING,MUNCY,Showing search results: 5 records,5
1601,WYOMING,PHOENIX,Showing search results: 2 records,2
1602,WYOMING,PINE GROVE,Showing search results: 2 records,2
1603,WYOMING,QUEHANNA BOOT CAMP,Showing search results: no results found,0
1604,WYOMING,ROCKVIEW,Showing search results: 2 records,2
1605,WYOMING,SMITHFIELD,Showing search results: 7 records,7
1606,WYOMING,SOMERSET,Showing search results: 2 records,2
1607,WYOMING,WAYMART,Showing search results: 9 records,9
